Tournament,Date,Team_1,Team_2,Score_1,Score_2,Division
Spring Invite Leuven,2023-04-21,7 Schwaben,Uprising,15,9,Open
Spring Invite Leuven,2023-04-21,7 Schwaben,Freezzz Beezzz,8,15,Open
Spring Invite Leuven,2023-04-21,7 Schwaben,Révolution'air,15,9,Open
Spring Invite Leuven,2023-04-21,Aarhus Ultimate,Frizzly Bears,15,14,Open
Spring Invite Leuven,2023-04-21,Bad Skid,SmashD,15,6,Open
Spring Invite Leuven,2023-04-21,Bad Skid,Aarhus Ultimate,15,6,Open
Spring Invite Leuven,2023-04-21,Bora,Gentle Open,4,15,Open
Spring Invite Leuven,2023-04-21,Bora,Révolution'air,13,12,Open
Spring Invite Leuven,2023-04-21,Bora,7 Schwaben,9,15,Open
Spring Invite Leuven,2023-04-21,Freezzz Beezzz,UFO,13,15,Open
Spring Invite Leuven,2023-04-21,Freezzz Beezzz,Gentle Open,11,15,Open
Spring Invite Leuven,2023-04-21,Freezzz Beezzz,Aarhus Ultimate,15,9,Open
Spring Invite Leuven,2023-04-21,Frizzly Bears,JetSet Ultimate Open,10,15,Open
Spring Invite Leuven,2023-04-21,Frizzly Bears,XVI,12,13,Open
Spring Invite Leuven,2023-04-21,Frizzly Bears,Hard2Fisch,15,11,Open
Spring Invite Leuven,2023-04-21,Frizzly Bears,Bora,15,8,Open
Spring Invite Leuven,2023-04-21,Gentle Open,Révolution'air,15,6,Open
Spring Invite Leuven,2023-04-21,Gentle Open,Terrible Monkeys,15,12,Open
Spring Invite Leuven,2023-04-21,Gentle Open,Terrible Monkeys,15,0,Open
Spring Invite Leuven,2023-04-21,Hard2Fisch,Bad Skid,7,15,Open
Spring Invite Leuven,2023-04-21,Hard2Fisch,XVI,5,15,Open
Spring Invite Leuven,2023-04-21,Hard2Fisch,Uprising,4,15,Open
Spring Invite Leuven,2023-04-21,JetSet Ultimate Open,XVI,15,8,Open
Spring Invite Leuven,2023-04-21,JetSet Ultimate Open,Aarhus Ultimate,15,9,Open
Spring Invite Leuven,2023-04-21,JetSet Ultimate Open,SmashD,15,7,Open
Spring Invite Leuven,2023-04-21,JetSet Ultimate Open,Gentle Open,13,12,Open
Spring Invite Leuven,2023-04-21,JetSet Ultimate Open,Bad Skid,15,14,Open
Spring Invite Leuven,2023-04-21,Révolution'air,Terrible Monkeys,5,15,Open
Spring Invite Leuven,2023-04-21,Révolution'air,Uprising,10,11,Open
Spring Invite Leuven,2023-04-21,SmashD,Hard2Fisch,15,9,Open
Spring Invite Leuven,2023-04-21,SmashD,Freezzz Beezzz,11,15,Open
Spring Invite Leuven,2023-04-21,SmashD,UFO,15,10,Open
Spring Invite Leuven,2023-04-21,Terrible Monkeys,Bora,15,9,Open
Spring Invite Leuven,2023-04-21,Terrible Monkeys,Bad Skid,8,15,Open
Spring Invite Leuven,2023-04-21,UFO,7 Schwaben,15,12,Open
Spring Invite Leuven,2023-04-21,UFO,Terrible Monkeys,12,15,Open
Spring Invite Leuven,2023-04-21,UFO,Aarhus Ultimate,11,12,Open
Spring Invite Leuven,2023-04-21,Uprising,Freezzz Beezzz,11,13,Open
Spring Invite Leuven,2023-04-21,Uprising,UFO,7,14,Open
Spring Invite Leuven,2023-04-21,Uprising,Bora,10,13,Open
Spring Invite Leuven,2023-04-21,XVI,Aarhus Ultimate,10,13,Open
Spring Invite Leuven,2023-04-21,XVI,7 Schwaben,8,13,Open
Spring Invite Padova,2023-04-21,3SB - Open,FWD>>,15,6,Open
Spring Invite Padova,2023-04-21,3SB - Open,Flying Angels Bern,15,9,Open
Spring Invite Padova,2023-04-21,3SB - Open,Alligators,12,10,Open
Spring Invite Padova,2023-04-21,3SB - Open,Panthers Bern,15,8,Open
Spring Invite Padova,2023-04-21,3SB - Open,Cus Padova Barbastreji,15,8,Open
Spring Invite Padova,2023-04-21,3SB - Women,Cheetahs,15,8,Women
Spring Invite Padova,2023-04-21,3SB - Women,Catchup Women,13,10,Women
Spring Invite Padova,2023-04-21,3SB - Women,Tequila Boom Boom,11,15,Women
Spring Invite Padova,2023-04-21,Alligators,Outsiterz,15,13,Open
Spring Invite Padova,2023-04-21,Alligators,Panthers Wroclaw - Open,15,8,Open
Spring Invite Padova,2023-04-21,Alligators,Cotarica Grandes,11,8,Open
Spring Invite Padova,2023-04-21,box vienna,CUS Padova Tane Malefiche,15,11,Women
Spring Invite Padova,2023-04-21,box vienna,East Block,5,15,Women
Spring Invite Padova,2023-04-21,box vienna,Panthers Wroclaw - Women,15,11,Women
Spring Invite Padova,2023-04-21,Canieporci,Alligators,9,15,Open
Spring Invite Padova,2023-04-21,Canieporci,Slovenia,15,9,Open
Spring Invite Padova,2023-04-21,Canieporci,FWD>>,7,15,Open
Spring Invite Padova,2023-04-21,Catchup Women,Tequila Boom Boom,12,15,Women
Spring Invite Padova,2023-04-21,Catchup Women,Panthers Wroclaw - Women,10,15,Women
Spring Invite Padova,2023-04-21,Catchup Women,Panthers Wroclaw - Women,8,12,Women
Spring Invite Padova,2023-04-21,Cheetahs,Catchup Women,11,14,Women
Spring Invite Padova,2023-04-21,Cheetahs,Tequila Boom Boom,6,15,Women
Spring Invite Padova,2023-04-21,Cotarica Grandes,Slovenia,15,7,Open
Spring Invite Padova,2023-04-21,Cotarica Grandes,Panthers Bern,15,11,Open
Spring Invite Padova,2023-04-21,Cotarica Grandes,Cus Padova Barbastreji,11,14,Open
Spring Invite Padova,2023-04-21,Cotarica Grandes,Red Bulls,15,11,Open
Spring Invite Padova,2023-04-21,Cus Padova Barbastreji,Freespeed,13,12,Open
Spring Invite Padova,2023-04-21,Cus Padova Barbastreji,M.U.C.,13,12,Open
Spring Invite Padova,2023-04-21,CUS Padova Tane Malefiche,Shout,8,11,Women
Spring Invite Padova,2023-04-21,CUS Padova Tane Malefiche,East Block,15,13,Women
Spring Invite Padova,2023-04-21,CUS Padova Tane Malefiche,Catchup Women,15,8,Women
Spring Invite Padova,2023-04-21,CUS Padova Tane Malefiche,box vienna,15,9,Women
Spring Invite Padova,2023-04-21,DiscoBolo,box vienna,10,14,Women
Spring Invite Padova,2023-04-21,DiscoBolo,CUS Padova Tane Malefiche,8,12,Women
Spring Invite Padova,2023-04-21,DiscoBolo,Cheetahs,10,6,Women
Spring Invite Padova,2023-04-21,DISConnection,FlyHigh,13,7,Mixed
Spring Invite Padova,2023-04-21,DISConnection,Zombees,14,8,Mixed
Spring Invite Padova,2023-04-21,East Block,DiscoBolo,15,10,Women
Spring Invite Padova,2023-04-21,East Block,Shout,14,15,Women
Spring Invite Padova,2023-04-21,East Block,Tequila Boom Boom,15,9,Women
Spring Invite Padova,2023-04-21,FlyHigh,Zombees,14,15,Mixed
Spring Invite Padova,2023-04-21,FlyHigh,FucZH,9,15,Mixed
Spring Invite Padova,2023-04-21,FlyHigh,Zombees,15,7,Mixed
Spring Invite Padova,2023-04-21,Flying Angels Bern,Red Bulls,9,13,Open
Spring Invite Padova,2023-04-21,Flying Angels Bern,Canieporci,15,7,Open
Spring Invite Padova,2023-04-21,Flying Angels Bern,Freespeed,12,13,Open
Spring Invite Padova,2023-04-21,Flying Angels Bern,thebigEZ,7,8,Open
Spring Invite Padova,2023-04-21,Freespeed,Hardfisch,15,4,Open
Spring Invite Padova,2023-04-21,Freespeed,Slovenia,15,11,Open
Spring Invite Padova,2023-04-21,Freespeed,Outsiterz,13,12,Open
Spring Invite Padova,2023-04-21,FucZH,Leamington Lemmings,5,15,Mixed
Spring Invite Padova,2023-04-21,FucZH,Owls UC,11,7,Mixed
Spring Invite Padova,2023-04-21,FucZH,Gold,14,8,Mixed
Spring Invite Padova,2023-04-21,FWD>>,Flying Angels Bern,10,13,Open
Spring Invite Padova,2023-04-21,Gold,FucZH,10,9,Mixed
Spring Invite Padova,2023-04-21,Gold,Zombees,15,6,Mixed
Spring Invite Padova,2023-04-21,Gold,DISConnection,9,15,Mixed
Spring Invite Padova,2023-04-21,Hardfisch,Panthers Wroclaw - Open,8,15,Open
Spring Invite Padova,2023-04-21,Hardfisch,Cus Padova Barbastreji,10,15,Open
Spring Invite Padova,2023-04-21,Hardfisch,FWD>>,13,14,Open
Spring Invite Padova,2023-04-21,HoneyMoon,DISConnection,6,15,Mixed
Spring Invite Padova,2023-04-21,HoneyMoon,FlyHigh,7,15,Mixed
Spring Invite Padova,2023-04-21,HoneyMoon,FlyHigh,8,13,Mixed
Spring Invite Padova,2023-04-21,HoneyMoon,Owls UC,8,15,Mixed
Spring Invite Padova,2023-04-21,Leamington Lemmings,Gold,15,10,Mixed
Spring Invite Padova,2023-04-21,Leamington Lemmings,Owls UC,15,6,Mixed
Spring Invite Padova,2023-04-21,Leamington Lemmings,HoneyMoon,15,1,Mixed
Spring Invite Padova,2023-04-21,Leamington Lemmings,FucZH,15,3,Mixed
Spring Invite Padova,2023-04-21,Leamington Lemmings,DISConnection,12,13,Mixed
Spring Invite Padova,2023-04-21,M.U.C.,Canieporci,15,4,Open
Spring Invite Padova,2023-04-21,M.U.C.,Alligators,15,10,Open
Spring Invite Padova,2023-04-21,M.U.C.,Red Bulls,15,8,Open
Spring Invite Padova,2023-04-21,Outsiterz,M.U.C.,10,15,Open
Spring Invite Padova,2023-04-21,Outsiterz,Canieporci,15,5,Open
Spring Invite Padova,2023-04-21,Outsiterz,FWD>>,15,14,Open
Spring Invite Padova,2023-04-21,Owls UC,Gold,8,12,Mixed
Spring Invite Padova,2023-04-21,Owls UC,DISConnection,6,15,Mixed
Spring Invite Padova,2023-04-21,Panthers Bern,thebigEZ,13,8,Open
Spring Invite Padova,2023-04-21,Panthers Bern,M.U.C.,12,15,Open
Spring Invite Padova,2023-04-21,Panthers Wroclaw - Open,Cus Padova Barbastreji,11,9,Open
Spring Invite Padova,2023-04-21,Panthers Wroclaw - Open,Freespeed,14,12,Open
Spring Invite Padova,2023-04-21,Panthers Wroclaw - Open,Panthers Bern,13,15,Open
Spring Invite Padova,2023-04-21,Panthers Wroclaw - Open,Red Bulls,10,11,Open
Spring Invite Padova,2023-04-21,Panthers Wroclaw - Women,Cheetahs,15,8,Women
Spring Invite Padova,2023-04-21,Panthers Wroclaw - Women,3SB - Women,13,14,Women
Spring Invite Padova,2023-04-21,Red Bulls,3SB - Open,12,15,Open
Spring Invite Padova,2023-04-21,Red Bulls,FWD>>,13,12,Open
Spring Invite Padova,2023-04-21,Shout,DiscoBolo,15,6,Women
Spring Invite Padova,2023-04-21,Shout,box vienna,15,8,Women
Spring Invite Padova,2023-04-21,Shout,3SB - Women,15,11,Women
Spring Invite Padova,2023-04-21,Shout,East Block,15,11,Women
Spring Invite Padova,2023-04-21,Slovenia,Panthers Bern,9,15,Open
Spring Invite Padova,2023-04-21,Slovenia,Hardfisch,14,15,Open
Spring Invite Padova,2023-04-21,Tequila Boom Boom,3SB - Women,13,12,Women
Spring Invite Padova,2023-04-21,Tequila Boom Boom,Panthers Wroclaw - Women,14,10,Women
Spring Invite Padova,2023-04-21,thebigEZ,Cotarica Grandes,9,15,Open
Spring Invite Padova,2023-04-21,thebigEZ,Slovenia,15,9,Open
Spring Invite Padova,2023-04-21,thebigEZ,Hardfisch,15,10,Open
Spring Invite Padova,2023-04-21,thebigEZ,Outsiterz,12,15,Open
Spring Invite Padova,2023-04-21,Zombees,HoneyMoon,9,11,Mixed
Spring Invite Padova,2023-04-21,Zombees,Owls UC,10,9,Mixed
Spring Invite Wroclaw,2023-04-21,FRuBB,KS FLOW WROCŁAW,11,10,Mixed
Spring Invite Wroclaw,2023-04-21,FRuBB,Zoom Ultimate,13,5,Mixed
Spring Invite Wroclaw,2023-04-21,FRuBB,KS FLOW WROCŁAW,13,6,Mixed
Spring Invite Wroclaw,2023-04-21,FRuBB,Hässliche Erdferkel,11,5,Mixed
Spring Invite Wroclaw,2023-04-21,Hässliche Erdferkel,RJP,9,10,Mixed
Spring Invite Wroclaw,2023-04-21,Hässliche Erdferkel,Prague Devils,9,6,Mixed
Spring Invite Wroclaw,2023-04-21,KS FLOW WROCŁAW,Zoom Ultimate,10,9,Mixed
Spring Invite Wroclaw,2023-04-21,KS FLOW WROCŁAW,Pelt,6,8,Mixed
Spring Invite Wroclaw,2023-04-21,KS FLOW WROCŁAW,RJP,10,9,Mixed
Spring Invite Wroclaw,2023-04-21,KS FLOW WROCŁAW,Savage Ultimate,7,9,Mixed
Spring Invite Wroclaw,2023-04-21,Left Overs,FRuBB,11,9,Mixed
Spring Invite Wroclaw,2023-04-21,Left Overs,KS FLOW WROCŁAW,6,7,Mixed
Spring Invite Wroclaw,2023-04-21,Left Overs,Transylvania Ultimate,9,3,Mixed
Spring Invite Wroclaw,2023-04-21,Left Overs,RJP,9,6,Mixed
Spring Invite Wroclaw,2023-04-21,Pelt,FRuBB,11,12,Mixed
Spring Invite Wroclaw,2023-04-21,Pelt,Left Overs,9,8,Mixed
Spring Invite Wroclaw,2023-04-21,Pelt,Hässliche Erdferkel,8,10,Mixed
Spring Invite Wroclaw,2023-04-21,Pelt,Left Overs,9,11,Mixed
Spring Invite Wroclaw,2023-04-21,Prague Devils,RJP,8,11,Mixed
Spring Invite Wroclaw,2023-04-21,Prague Devils,Savage Ultimate,7,12,Mixed
Spring Invite Wroclaw,2023-04-21,RJP,Savage Ultimate,10,14,Mixed
Spring Invite Wroclaw,2023-04-21,RJP,Transylvania Ultimate,12,10,Mixed
Spring Invite Wroclaw,2023-04-21,RJP,Prague Devils,10,7,Mixed
Spring Invite Wroclaw,2023-04-21,Savage Ultimate,Transylvania Ultimate,12,7,Mixed
Spring Invite Wroclaw,2023-04-21,Savage Ultimate,Hässliche Erdferkel,12,10,Mixed
Spring Invite Wroclaw,2023-04-21,Savage Ultimate,Hässliche Erdferkel,9,12,Mixed
Spring Invite Wroclaw,2023-04-21,Transylvania Ultimate,Prague Devils,10,11,Mixed
Spring Invite Wroclaw,2023-04-21,Transylvania Ultimate,Hässliche Erdferkel,9,10,Mixed
Spring Invite Wroclaw,2023-04-21,Transylvania Ultimate,Zoom Ultimate,7,12,Mixed
Spring Invite Wroclaw,2023-04-21,Zoom Ultimate,Left Overs,6,11,Mixed
Spring Invite Wroclaw,2023-04-21,Zoom Ultimate,Pelt,7,10,Mixed
Spring Invite Wroclaw,2023-04-21,Zoom Ultimate,Prague Devils,9,10,Mixed
Toms Tourney,2023-05-05,France Women,German masters,15,4,Women
Toms Tourney,2023-05-05,Belgian Women,LMU,14,8,Women
Toms Tourney,2023-05-05,Czech Women,Crazy Dogs,15,1,Women
Toms Tourney,2023-05-05,Shout,Germany U24,15,9,Women
Toms Tourney,2023-05-05,JinX,GB U24 Women,13,10,Women
Toms Tourney,2023-05-05,Austrian Women,Spain Women,12,8,Women
Toms Tourney,2023-05-05,GB Women,DESKEAGH,11,8,Women
Toms Tourney,2023-05-05,NL Women,Panthers Wroclaw - Women,12,11,Women
Toms Tourney,2023-05-05,BFD La Fotta,GB U24 open,15,6,Open
Toms Tourney,2023-05-05,Gentle open,Frizzly Bears,15,9,Open
Toms Tourney,2023-05-05,Tchac,Freespeed,12,10,Open
Toms Tourney,2023-05-05,Mooncatchers,Spain open,14,11,Open
Toms Tourney,2023-05-05,Alba,Frizstyle,14,12,Open
Toms Tourney,2023-05-05,Red Bulls,BORA,12,8,Open
Toms Tourney,2023-05-05,Denmark open,Cotarica Grandes,10,9,Open
Toms Tourney,2023-05-05,GB open,JetSet Ultimate Open,15,7,Open
Toms Tourney,2023-05-05,Ireland open,Ka-Pow!,15,6,Open
Toms Tourney,2023-05-05,Iznogood,GB masters,12,9,Open
Toms Tourney,2023-05-05,BEL U24,Panthers Bern,15,6,Open
Toms Tourney,2023-05-05,Wall City,Netherlands open,10,11,Open
Toms Tourney,2023-05-05,Shout,Crazy Dogs,15,4,Women
Toms Tourney,2023-05-05,Czech Women,Germany U24,11,10,Women
Toms Tourney,2023-05-05,NL Women,DESKEAGH,10,12,Women
Toms Tourney,2023-05-05,GB Women,Panthers Wroclaw - Women,15,5,Women
Toms Tourney,2023-05-05,JinX,Spain Women,15,12,Women
Toms Tourney,2023-05-05,Austrian Women,GB U24 Women,11,8,Women
Toms Tourney,2023-05-05,France Women,LMU,10,12,Women
Toms Tourney,2023-05-05,Belgian Women,German masters,15,3,Women
Toms Tourney,2023-05-05,BFD La Fotta,Freespeed,15,4,Open
Toms Tourney,2023-05-05,Gentle open,GB U24 open,12,11,Open
Toms Tourney,2023-05-05,Tchac,Frizzly Bears,14,10,Open
Toms Tourney,2023-05-05,GB open,Cotarica Grandes,15,8,Open
Toms Tourney,2023-05-05,Ireland open,JetSet Ultimate Open,12,10,Open
Toms Tourney,2023-05-05,Denmark open,Ka-Pow!,15,8,Open
Toms Tourney,2023-05-05,Mooncatchers,BORA,15,6,Open
Toms Tourney,2023-05-05,Red Bulls,Frizstyle,10,12,Open
Toms Tourney,2023-05-05,Alba,Spain open,9,12,Open
Toms Tourney,2023-05-05,BEL U24,GB masters,12,5,Open
Toms Tourney,2023-05-05,Iznogood,Netherlands open,14,12,Open
Toms Tourney,2023-05-05,Wall City,Panthers Bern,15,8,Open
Toms Tourney,2023-05-05,GB Women,NL Women,13,11,Women
Toms Tourney,2023-05-05,DESKEAGH,Panthers Wroclaw - Women,11,10,Women
Toms Tourney,2023-05-05,JinX,Austrian Women,14,6,Women
Toms Tourney,2023-05-05,GB U24 Women,Spain Women,11,7,Women
Toms Tourney,2023-05-05,Shout,Czech Women,14,10,Women
Toms Tourney,2023-05-05,Germany U24,Crazy Dogs,15,6,Women
Toms Tourney,2023-05-05,AUC,Helgtre,13,15,Women
Toms Tourney,2023-05-05,Family Ultimate,Bordeaux Ultimate,11,14,Women
Toms Tourney,2023-05-05,Tchac,GB U24 open,15,9,Open
Toms Tourney,2023-05-05,Freespeed,Frizzly Bears,15,9,Open
Toms Tourney,2023-05-05,BFD La Fotta,Gentle open,15,10,Open
Toms Tourney,2023-05-05,GB open,Ireland open,15,11,Open
Toms Tourney,2023-05-05,Denmark open,JetSet Ultimate Open,12,14,Open
Toms Tourney,2023-05-05,Cotarica Grandes,Ka-Pow!,15,8,Open
Toms Tourney,2023-05-05,Mooncatchers,Alba,15,9,Open
Toms Tourney,2023-05-05,Red Bulls,Spain open,9,15,Open
Toms Tourney,2023-05-05,BORA,Frizstyle,13,14,Open
Toms Tourney,2023-05-05,Iznogood,BEL U24,9,15,Open
Toms Tourney,2023-05-05,Wall City,GB masters,13,9,Open
Toms Tourney,2023-05-05,Netherlands open,Panthers Bern,15,12,Open
Toms Tourney,2023-05-05,Shout,Czech Women,14,10,Women
Toms Tourney,2023-05-05,France Women,Belgian Women,13,9,Women
Toms Tourney,2023-05-05,GB Women,DESKEAGH,11,8,Women
Toms Tourney,2023-05-05,JinX,Austrian Women,14,6,Women
Toms Tourney,2023-05-05,Germany U24,Crazy Dogs,15,6,Women
Toms Tourney,2023-05-05,LMU,German masters,15,2,Women
Toms Tourney,2023-05-05,NL Women,Panthers Wroclaw - Women,12,11,Women
Toms Tourney,2023-05-05,GB U24 Women,Spain Women,11,7,Women
Toms Tourney,2023-05-05,Iznogood,Panthers Bern,12,10,Open
Toms Tourney,2023-05-05,GB masters,Netherlands open,7,15,Open
Toms Tourney,2023-05-05,BEL U24,Wall City,13,11,Open
Toms Tourney,2023-05-05,GB open,Ka-Pow!,15,1,Open
Toms Tourney,2023-05-05,Ireland open,Denmark open,8,11,Open
Toms Tourney,2023-05-05,JetSet Ultimate Open,Cotarica Grandes,12,11,Open
Toms Tourney,2023-05-05,BFD La Fotta,Frizzly Bears,15,7,Open
Toms Tourney,2023-05-05,Gentle open,Tchac,9,14,Open
Toms Tourney,2023-05-05,GB U24 open,Freespeed,15,8,Open
Toms Tourney,2023-05-05,Mooncatchers,Frizstyle,15,6,Open
Toms Tourney,2023-05-05,Alba,Red Bulls,13,11,Open
Toms Tourney,2023-05-05,Spain open,BORA,15,7,Open
Toms Tourney,2023-05-05,Reading Ultimate,Vertigo,15,5,Open
Toms Tourney,2023-05-05,France Women,Czech Women,12,8,Women
Toms Tourney,2023-05-05,Shout,Belgian Women,13,10,Women
Toms Tourney,2023-05-05,GB Women,Austrian Women,13,7,Women
Toms Tourney,2023-05-05,JinX,DESKEAGH,15,8,Women
Toms Tourney,2023-05-05,Germany U24,German masters,15,7,Women
Toms Tourney,2023-05-05,LMU,Crazy Dogs,15,3,Women
Toms Tourney,2023-05-05,NL Women,Spain Women,13,9,Women
Toms Tourney,2023-05-05,GB U24 Women,Panthers Wroclaw - Women,6,12,Women
Toms Tourney,2023-05-05,BFD La Fotta,Tchac,15,8,Open
Toms Tourney,2023-05-05,Gentle open,Freespeed,13,11,Open
Toms Tourney,2023-05-05,GB U24 open,Frizzly Bears,15,12,Open
Toms Tourney,2023-05-05,GB open,Denmark open,15,5,Open
Toms Tourney,2023-05-05,Ireland open,Cotarica Grandes,10,14,Open
Toms Tourney,2023-05-05,JetSet Ultimate Open,Ka-Pow!,15,8,Open
Toms Tourney,2023-05-05,Czech Women,Belgian Women,10,14,Women
Toms Tourney,2023-05-05,Mooncatchers,Red Bulls,15,11,Open
Toms Tourney,2023-05-05,Alba,BORA,15,9,Open
Toms Tourney,2023-05-05,Spain open,Frizstyle,15,10,Open
Toms Tourney,2023-05-05,Iznogood,Wall City,12,11,Open
Toms Tourney,2023-05-05,BEL U24,Netherlands open,11,13,Open
Toms Tourney,2023-05-05,GB masters,Panthers Bern,12,13,Open
Toms Tourney,2023-05-05,Shout,France Women,11,12,Women
Toms Tourney,2023-05-05,Crazy Dogs,German masters,3,15,Women
Toms Tourney,2023-05-05,Germany U24,LMU,13,14,Women
Toms Tourney,2023-05-05,DESKEAGH,Austrian Women,14,10,Women
Toms Tourney,2023-05-05,GB Women,JinX,10,12,Women
Toms Tourney,2023-05-05,NL Women,GB U24 Women,14,8,Women
Toms Tourney,2023-05-05,Panthers Wroclaw - Women,Spain Women,14,9,Women
Toms Tourney,2023-05-05,BFD La Fotta,Spain open,15,11,Open
Toms Tourney,2023-05-05,GB open,Netherlands open,15,9,Open
Toms Tourney,2023-05-05,Mooncatchers,Tchac,12,10,Open
Toms Tourney,2023-05-05,BEL U24,JetSet Ultimate Open,15,12,Open
Toms Tourney,2023-05-05,Gentle open,Frizstyle,15,13,Open
Toms Tourney,2023-05-05,Denmark open,Wall City,11,13,Open
Toms Tourney,2023-05-05,Alba,GB U24 open,13,9,Open
Toms Tourney,2023-05-05,Iznogood,Cotarica Grandes,13,11,Open
Toms Tourney,2023-05-05,France Women,Austrian Women,13,10,Women
Toms Tourney,2023-05-05,Shout,DESKEAGH,15,10,Women
Toms Tourney,2023-05-05,Belgian Women,GB Women,9,12,Women
Toms Tourney,2023-05-05,Czech Women,JinX,9,10,Women
Toms Tourney,2023-05-05,LMU,Spain Women,15,9,Women
Toms Tourney,2023-05-05,Germany U24,GB U24 Women,15,6,Women
Toms Tourney,2023-05-05,German masters,Panthers Wroclaw - Women,11,15,Women
Toms Tourney,2023-05-05,Crazy Dogs,NL Women,4,15,Women
Toms Tourney,2023-05-05,Freespeed,BORA,15,13,Open
Toms Tourney,2023-05-05,Ireland open,GB masters,13,10,Open
Toms Tourney,2023-05-05,Red Bulls,Frizzly Bears,12,15,Open
Toms Tourney,2023-05-05,Panthers Bern,Ka-Pow!,15,10,Open
Toms Tourney,2023-05-05,DESKEAGH,Czech Women,4,15,Women
Toms Tourney,2023-05-05,Shout,JinX,14,10,Women
Toms Tourney,2023-05-05,France Women,GB Women,8,12,Women
Toms Tourney,2023-05-05,Austrian Women,Belgian Women,8,12,Women
Toms Tourney,2023-05-05,LMU,Panthers Wroclaw - Women,12,10,Women
Toms Tourney,2023-05-05,Germany U24,NL Women,13,15,Women
Toms Tourney,2023-05-05,Spain Women,German masters,15,7,Women
Toms Tourney,2023-05-05,GB U24 Women,Crazy Dogs,15,4,Women
Toms Tourney,2023-05-05,GB open,Mooncatchers,12,13,Open
Toms Tourney,2023-05-05,Frizstyle,Cotarica Grandes,12,13,Open
Toms Tourney,2023-05-05,Denmark open,GB U24 open,10,14,Open
Toms Tourney,2023-05-05,Freespeed,Panthers Bern,10,12,Open
Toms Tourney,2023-05-05,Ireland open,Frizzly Bears,12,15,Open
Toms Tourney,2023-05-05,BORA,Ka-Pow!,15,10,Open
Toms Tourney,2023-05-05,GB masters,Red Bulls,11,15,Open
Toms Tourney,2023-05-05,Netherlands open,Tchac,10,15,Open
Toms Tourney,2023-05-05,Spain open,JetSet Ultimate Open,15,9,Open
Toms Tourney,2023-05-05,BFD La Fotta,BEL U24,14,13,Open
Toms Tourney,2023-05-05,Austrian Women,DESKEAGH,13,12,Women
Toms Tourney,2023-05-05,Gentle open,Iznogood,12,15,Open
Toms Tourney,2023-05-05,Wall City,Alba,14,10,Open
Toms Tourney,2023-05-05,France Women,JinX,11,12,Women
Toms Tourney,2023-05-05,Panthers Bern,Frizzly Bears,13,15,Open
Toms Tourney,2023-05-05,Freespeed,Ireland open,9,14,Open
Toms Tourney,2023-05-05,BORA,Red Bulls,13,15,Open
Toms Tourney,2023-05-05,Ka-Pow!,GB masters,12,14,Open
Toms Tourney,2023-05-05,BEL U24,GB open,6,15,Open
Toms Tourney,2023-05-05,Spain open,Tchac,10,14,Open
Toms Tourney,2023-05-05,JetSet Ultimate Open,Netherlands open,11,14,Open
Toms Tourney,2023-05-05,Iznogood,Wall City,10,12,Open
Toms Tourney,2023-05-05,Gentle open,Alba,9,15,Open
Toms Tourney,2023-05-05,Cotarica Grandes,GB U24 open,10,13,Open
Toms Tourney,2023-05-05,Frizstyle,Denmark open,13,12,Open
Toms Tourney,2023-05-05,GB Women,Shout,15,12,Women
Toms Tourney,2023-05-05,BFD La Fotta,Mooncatchers,10,14,Open
DFV-Pokal Open,2023-05-21,Heidees,Ars Ludendi,15,6,Open
DFV-Pokal Open,2023-05-21,M.U.C.,7 Schwaben,15,7,Open
DFV-Pokal Open,2023-05-21,Family Ultimate,Disckick,15,11,Open
DFV-Pokal Open,2023-05-21,Wall City,Hardfisch,15,7,Open
DFV-Pokal Open,2023-05-21,Bad Skid,Frizzly Bears,15,11,Open
DFV-Pokal Open,2023-05-21,FrankN,Hard2Fisch,15,9,Open
DFV-Pokal Open,2023-05-21,Lahntalknaben,Sturm und Drang,13,14,Open
DFV-Pokal Open,2023-05-21,Heidees,M.U.C.,14,15,Open
DFV-Pokal Open,2023-05-21,Ars Ludendi,Sturm und Drang,15,9,Open
DFV-Pokal Open,2023-05-21,7 Schwaben,Family Ultimate,13,14,Open
DFV-Pokal Open,2023-05-21,Wall City,Bad Skid,12,15,Open
DFV-Pokal Open,2023-05-21,Hardfisch,FrankN,10,15,Open
DFV-Pokal Open,2023-05-21,Frizzly Bears,Hard2Fisch,15,6,Open
DFV-Pokal Open,2023-05-21,Lahntalknaben,Disckick,13,15,Open
DFV-Pokal Open,2023-05-21,Bad Skid,Ars Ludendi,15,7,Open
DFV-Pokal Open,2023-05-21,Heidees,Frizzly Bears,14,15,Open
DFV-Pokal Open,2023-05-21,M.U.C.,FrankN,15,11,Open
DFV-Pokal Open,2023-05-21,Wall City,Family Ultimate,15,4,Open
DFV-Pokal Open,2023-05-21,Ars Ludendi,Heidees,13,15,Open
DFV-Pokal Open,2023-05-21,FrankN,Family Ultimate,15,11,Open
DFV-Pokal Open,2023-05-21,Bad Skid,Frizzly Bears,15,6,Open
DFV-Pokal Open,2023-05-21,M.U.C.,Wall City,15,7,Open
DFV-Pokal Open,2023-05-21,Heidees,FrankN,15,14,Open
DFV-Pokal Open,2023-05-21,Ars Ludendi,Family Ultimate,15,6,Open
DFV-Pokal Open,2023-05-21,Frizzly Bears,Wall City,7,15,Open
DFV-Pokal Open,2023-05-21,Bad Skid,M.U.C.,15,9,Open
DFV-Pokal Open,2023-05-21,Sturm und Drang,Lahntalknaben,15,14,Open
DFV-Pokal Open,2023-05-21,Hardfisch,Disckick,15,4,Open
DFV-Pokal Open,2023-05-21,7 Schwaben,Hard2Fisch,15,10,Open
DFV-Pokal Open,2023-05-21,Sturm und Drang,7 Schwaben,9,15,Open
DFV-Pokal Open,2023-05-21,Hardfisch,Sturm und Drang,15,11,Open
DFV-Pokal Open,2023-05-21,7 Schwaben,Hardfisch,14,15,Open
DFV-Pokal Open,2023-05-21,Lahntalknaben,Hard2Fisch,15,7,Open
DFV-Pokal Open,2023-05-21,Disckick,Lahntalknaben,10,15,Open
DFV-Pokal Open,2023-05-21,Hard2Fisch,Disckick,15,11,Open
EUCR Istanbul,2023-06-11,Iron Force Armenia,Zoom Ultimate,0,1,Mixed
EUCR Istanbul,2023-06-11,Seahawks Ultimate,Transylvania Ultimate,10,9,Mixed
EUCR Istanbul,2023-06-11,Zoom Ultimate,Transylvania Ultimate,13,6,Mixed
EUCR Istanbul,2023-06-11,Iron Force Armenia,Seahawks Ultimate,0,1,Mixed
EUCR Istanbul,2023-06-11,Zoom Ultimate,Seahawks Ultimate,11,8,Mixed
EUCR Istanbul,2023-06-11,Transylvania Ultimate,Iron Force Armenia,1,0,Mixed
EUCR Istanbul,2023-06-11,Fireball Ultimate,OldSchool,9,7,Mixed
EUCR Istanbul,2023-06-11,Shopski Otryad,Steamhuck,12,11,Mixed
EUCR Istanbul,2023-06-11,Fireball Ultimate,Shopski Otryad,9,4,Mixed
EUCR Istanbul,2023-06-11,Steamhuck,OldSchool,11,8,Mixed
EUCR Istanbul,2023-06-11,Steamhuck,Fireball Ultimate,8,6,Mixed
EUCR Istanbul,2023-06-11,OldSchool,Shopski Otryad,11,7,Mixed
EUCR Istanbul,2023-06-11,Seahawks Ultimate,OldSchool,11,12,Mixed
EUCR Istanbul,2023-06-11,Transylvania Ultimate,Fireball Ultimate,7,8,Mixed
EUCR Istanbul,2023-06-11,Zoom Ultimate,Fireball Ultimate,11,8,Mixed
EUCR Istanbul,2023-06-11,Steamhuck,OldSchool,10,11,Mixed
EUCR Istanbul,2023-06-11,Fireball Ultimate,Steamhuck,10,9,Mixed
EUCR Istanbul,2023-06-11,Zoom Ultimate,OldSchool,10,9,Mixed
EUCR Istanbul,2023-06-11,Seahawks Ultimate,Transylvania Ultimate,7,11,Mixed
EUCR Istanbul,2023-06-11,Transylvania Ultimate,Shopski Otryad,8,15,Mixed
EUCR Istanbul,2023-06-11,Shopski Otryad,Seahawks Ultimate,15,5,Mixed
EUCQ Timisoara,2023-06-18,Outsiterz,Azvarlirea,15,0,Open
EUCQ Timisoara,2023-06-18,Triglav,DEAC FreeBees,14,12,Open
EUCQ Timisoara,2023-06-18,DEAC FreeBees,Outsiterz,3,15,Open
EUCQ Timisoara,2023-06-18,Azvarlirea,Triglav,0,15,Open
EUCQ Timisoara,2023-06-18,Outsiterz,Triglav,11,15,Open
EUCQ Timisoara,2023-06-18,DEAC FreeBees,Azvarlirea,15,3,Open
EUCQ Timisoara,2023-06-18,Triglav,Azvarlirea,15,2,Open
EUCQ Timisoara,2023-06-18,Outsiterz,DEAC FreeBees,15,6,Open
EUCQ Timisoara,2023-06-18,Triglav,Outsiterz,12,15,Open
EUCQ Timisoara,2023-06-18,Azvarlirea,DEAC FreeBees,1,15,Open
Elite Invite,2023-05-29,box vienna,Shout,9,15,Women
Elite Invite,2023-05-29,3SB - women,Seagulls,6,12,Women
Elite Invite,2023-05-29,Shout,Seagulls,15,8,Women
Elite Invite,2023-05-29,box vienna,3SB - women,15,7,Women
Elite Invite,2023-05-29,Shout,3SB - women,15,9,Women
Elite Invite,2023-05-29,Seagulls,box vienna,15,9,Women
Elite Invite,2023-05-29,JinX,Yaka,12,11,Women
Elite Invite,2023-05-29,FABulous,Bristol Women,4,15,Women
Elite Invite,2023-05-29,Yaka,Bristol Women,15,10,Women
Elite Invite,2023-05-29,JinX,FABulous,15,6,Women
Elite Invite,2023-05-29,Yaka,FABulous,15,7,Women
Elite Invite,2023-05-29,Bristol Women,JinX,6,15,Women
Elite Invite,2023-05-29,Shout,FABulous,15,6,Women
Elite Invite,2023-05-29,Yaka,box vienna,15,9,Women
Elite Invite,2023-05-29,Seagulls,Bristol Women,13,7,Women
Elite Invite,2023-05-29,3SB - women,JinX,9,15,Women
Elite Invite,2023-05-29,Shout,Yaka,12,14,Women
Elite Invite,2023-05-29,Seagulls,JinX,8,12,Women
Elite Invite,2023-05-29,FABulous,box vienna,9,13,Women
Elite Invite,2023-05-29,Bristol Women,3SB - women,15,9,Women
Elite Invite,2023-05-29,Shout,Seagulls,15,13,Women
Elite Invite,2023-05-29,box vienna,Bristol Women,12,13,Women
Elite Invite,2023-05-29,FABulous,3SB - women,15,8,Women
Elite Invite,2023-05-29,Yaka,JinX,15,5,Women
Elite Invite,2023-05-29,PUC,Grut,6,15,Mixed
Elite Invite,2023-05-29,Mosquitos,Deep Space,4,15,Mixed
Elite Invite,2023-05-29,Grut,Deep Space,15,8,Mixed
Elite Invite,2023-05-29,PUC,Mosquitos,11,15,Mixed
Elite Invite,2023-05-29,Grut,Mosquitos,11,13,Mixed
Elite Invite,2023-05-29,Deep Space,PUC,15,9,Mixed
Elite Invite,2023-05-29,Smog,Reading,5,15,Mixed
Elite Invite,2023-05-29,Sesquidistus,Disconnection,14,13,Mixed
Elite Invite,2023-05-29,Reading,Disconnection,9,12,Mixed
Elite Invite,2023-05-29,Smog,Sesquidistus,7,15,Mixed
Elite Invite,2023-05-29,Reading,Sesquidistus,15,10,Mixed
Elite Invite,2023-05-29,Disconnection,Smog,15,12,Mixed
Elite Invite,2023-05-29,Grut,Smog,12,9,Mixed
Elite Invite,2023-05-29,Mosquitos,Reading,9,15,Mixed
Elite Invite,2023-05-29,Sesquidistus,Deep Space,10,13,Mixed
Elite Invite,2023-05-29,PUC,Disconnection,5,15,Mixed
Elite Invite,2023-05-29,Grut,Reading,10,15,Mixed
Elite Invite,2023-05-29,Deep Space,Disconnection,13,14,Mixed
Elite Invite,2023-05-29,Smog,Mosquitos,15,12,Mixed
Elite Invite,2023-05-29,Sesquidistus,PUC,15,8,Mixed
Elite Invite,2023-05-29,Grut,Deep Space,13,11,Mixed
Elite Invite,2023-05-29,Smog,Sesquidistus,7,13,Mixed
Elite Invite,2023-05-29,Mosquitos,PUC,12,10,Mixed
Elite Invite,2023-05-29,Reading,Disconnection,14,11,Mixed
Elite Invite,2023-05-29,Chevron Action Flash,Ranelagh,12,13,Open
Elite Invite,2023-05-29,3SB - Open,Heidees,15,10,Open
Elite Invite,2023-05-29,Ranelagh,Heidees,14,15,Open
Elite Invite,2023-05-29,Chevron Action Flash,3SB - Open,14,15,Open
Elite Invite,2023-05-29,Ranelagh,3SB - Open,11,15,Open
Elite Invite,2023-05-29,Heidees,Chevron Action Flash,12,14,Open
Elite Invite,2023-05-29,Mooncatchers,Clapham,15,12,Open
Elite Invite,2023-05-29,Wall City,BFD La Fotta,12,15,Open
Elite Invite,2023-05-29,Clapham,BFD La Fotta,12,11,Open
Elite Invite,2023-05-29,Mooncatchers,Wall City,15,9,Open
Elite Invite,2023-05-29,Clapham,Wall City,14,12,Open
Elite Invite,2023-05-29,BFD La Fotta,Mooncatchers,15,13,Open
Elite Invite,2023-05-29,3SB - Open,Wall City,11,15,Open
Elite Invite,2023-05-29,Ranelagh,Mooncatchers,10,15,Open
Elite Invite,2023-05-29,Chevron Action Flash,Clapham,11,15,Open
Elite Invite,2023-05-29,Heidees,BFD La Fotta,10,15,Open
Elite Invite,2023-05-29,Wall City,Mooncatchers,9,15,Open
Elite Invite,2023-05-29,Clapham,BFD La Fotta,15,11,Open
Elite Invite,2023-05-29,3SB - Open,Ranelagh,15,10,Open
Elite Invite,2023-05-29,Chevron Action Flash,Heidees,15,6,Open
Elite Invite,2023-05-29,Wall City,BFD La Fotta,10,14,Open
Elite Invite,2023-05-29,3SB - Open,Chevron Action Flash,14,11,Open
Elite Invite,2023-05-29,Ranelagh,Heidees,12,10,Open
Elite Invite,2023-05-29,Mooncatchers,Clapham,15,3,Open
G-Spot,2023-05-21,Jetset Simba's,Belgium U20 Mixed,14,6,Mixed
G-Spot,2023-05-21,AUC Mxxxd,ZomBees,4,13,Mixed
G-Spot,2023-05-21,Bremen Ultimate,W.underteam,15,3,Mixed
G-Spot,2023-05-21,Belgium U20 Mixed,W.underteam,11,9,Mixed
G-Spot,2023-05-21,ZomBees,Bremen Ultimate,6,12,Mixed
G-Spot,2023-05-21,Jetset Simba's,AUC Mxxxd,15,4,Mixed
G-Spot,2023-05-21,Jetset Simba's,W.underteam,15,6,Mixed
G-Spot,2023-05-21,AUC Mxxxd,Bremen Ultimate,5,11,Mixed
G-Spot,2023-05-21,Belgium U20 Mixed,ZomBees,7,9,Mixed
G-Spot,2023-05-21,Jetset Simba's,ZomBees,11,5,Mixed
G-Spot,2023-05-21,Belgium U20 Mixed,Bremen Ultimate,4,15,Mixed
G-Spot,2023-05-21,AUC Mxxxd,W.underteam,2,8,Mixed
G-Spot,2023-05-21,Jetset Simba's,Bremen Ultimate,9,10,Mixed
G-Spot,2023-05-21,Belgium U20 Mixed,AUC Mxxxd,10,5,Mixed
G-Spot,2023-05-21,ZomBees,W.underteam,11,8,Mixed
G-Spot,2023-05-21,Fly High,Mainzelrenner,7,12,Mixed
G-Spot,2023-05-21,Seitensprung,Friss die Frisbee,10,8,Mixed
G-Spot,2023-05-21,Force Elektro MXD,Free Spirits,6,4,Mixed
G-Spot,2023-05-21,Fly High,Seitensprung,5,9,Mixed
G-Spot,2023-05-21,Friss die Frisbee,Force Elektro MXD,10,7,Mixed
G-Spot,2023-05-21,Mainzelrenner,Free Spirits,9,7,Mixed
G-Spot,2023-05-21,Fly High,Free Spirits,8,10,Mixed
G-Spot,2023-05-21,Mainzelrenner,Friss die Frisbee,13,8,Mixed
G-Spot,2023-05-21,Seitensprung,Force Elektro MXD,5,11,Mixed
G-Spot,2023-05-21,Mainzelrenner,Force Elektro MXD,9,10,Mixed
G-Spot,2023-05-21,Seitensprung,Free Spirits,10,12,Mixed
G-Spot,2023-05-21,Fly High,Friss die Frisbee,10,12,Mixed
G-Spot,2023-05-21,Fly High,Force Elektro MXD,4,11,Mixed
G-Spot,2023-05-21,Friss die Frisbee,Free Spirits,9,10,Mixed
G-Spot,2023-05-21,Mainzelrenner,Seitensprung,11,7,Mixed
G-Spot,2023-05-21,U24 Germany Mixed,Belgium Mixed National,11,6,Mixed
G-Spot,2023-05-21,Too Many Cooks,Citadel Ultimate Frisbee,15,4,Mixed
G-Spot,2023-05-21,Citadel Ultimate Frisbee,Spinners,4,15,Mixed
G-Spot,2023-05-21,U24 Germany Mixed,Too Many Cooks,7,9,Mixed
G-Spot,2023-05-21,Too Many Cooks,Spinners,10,8,Mixed
G-Spot,2023-05-21,Belgium Mixed National,Citadel Ultimate Frisbee,15,4,Mixed
G-Spot,2023-05-21,U24 Germany Mixed,Citadel Ultimate Frisbee,9,6,Mixed
G-Spot,2023-05-21,Belgium Mixed National,Spinners,9,7,Mixed
G-Spot,2023-05-21,U24 Germany Mixed,Spinners,9,11,Mixed
G-Spot,2023-05-21,Belgium Mixed National,Too Many Cooks,10,9,Mixed
G-Spot,2023-05-21,Belgian Mixed Masters,Netherlands Master Mixed,14,5,Mixed
G-Spot,2023-05-21,Antwerp Mixed,Scorillaz,9,5,Mixed
G-Spot,2023-05-21,Belgian Mixed Masters,Antwerp Mixed,15,6,Mixed
G-Spot,2023-05-21,Scorillaz,Oxford Ultimate,9,13,Mixed
G-Spot,2023-05-21,Netherlands Master Mixed,Scorillaz,8,9,Mixed
G-Spot,2023-05-21,Antwerp Mixed,Oxford Ultimate,10,11,Mixed
G-Spot,2023-05-21,Netherlands Master Mixed,Oxford Ultimate,12,5,Mixed
G-Spot,2023-05-21,Belgian Mixed Masters,Scorillaz,15,4,Mixed
G-Spot,2023-05-21,Belgian Mixed Masters,Oxford Ultimate,14,4,Mixed
G-Spot,2023-05-21,Netherlands Master Mixed,Antwerp Mixed,12,6,Mixed
G-Spot,2023-05-21,Jetset Simba's,Oxford Ultimate,14,5,Mixed
G-Spot,2023-05-21,Mainzelrenner,Spinners,8,9,Mixed
G-Spot,2023-05-21,Too Many Cooks,Free Spirits,8,6,Mixed
G-Spot,2023-05-21,Netherlands Master Mixed,ZomBees,8,12,Mixed
G-Spot,2023-05-21,Belgium U20 Mixed,Scorillaz,7,10,Mixed
G-Spot,2023-05-21,Seitensprung,Citadel Ultimate Frisbee,13,4,Mixed
G-Spot,2023-05-21,U24 Germany Mixed,Friss die Frisbee,9,5,Mixed
G-Spot,2023-05-21,Antwerp Mixed,W.underteam,5,10,Mixed
G-Spot,2023-05-21,Bremen Ultimate,Spinners,11,8,Mixed
G-Spot,2023-05-21,Force Elektro MXD,Jetset Simba's,10,11,Mixed
G-Spot,2023-05-21,Belgium Mixed National,ZomBees,11,8,Mixed
G-Spot,2023-05-21,Belgian Mixed Masters,Too Many Cooks,13,8,Mixed
G-Spot,2023-05-21,Netherlands Master Mixed,Seitensprung,6,11,Mixed
G-Spot,2023-05-21,Free Spirits,Scorillaz,8,5,Mixed
G-Spot,2023-05-21,Oxford Ultimate,U24 Germany Mixed,7,10,Mixed
G-Spot,2023-05-21,Mainzelrenner,W.underteam,13,7,Mixed
G-Spot,2023-05-21,Friss die Frisbee,Belgium U20 Mixed,6,10,Mixed
G-Spot,2023-05-21,Antwerp Mixed,Citadel Ultimate Frisbee,13,3,Mixed
G-Spot,2023-05-21,Fly High,AUC Mxxxd,8,6,Mixed
G-Spot,2023-05-21,Bremen Ultimate,Belgian Mixed Masters,5,13,Mixed
G-Spot,2023-05-21,Jetset Simba's,Belgium Mixed National,10,11,Mixed
G-Spot,2023-05-21,Too Many Cooks,Spinners,6,12,Mixed
G-Spot,2023-05-21,ZomBees,Force Elektro MXD,7,11,Mixed
G-Spot,2023-05-21,Seitensprung,Mainzelrenner,6,9,Mixed
G-Spot,2023-05-21,Free Spirits,U24 Germany Mixed,6,9,Mixed
G-Spot,2023-05-21,W.underteam,Netherlands Master Mixed,7,10,Mixed
G-Spot,2023-05-21,Oxford Ultimate,Scorillaz,10,9,Mixed
G-Spot,2023-05-21,Belgium U20 Mixed,Antwerp Mixed,8,9,Mixed
G-Spot,2023-05-21,Friss die Frisbee,Fly High,12,8,Mixed
G-Spot,2023-05-21,Citadel Ultimate Frisbee,AUC Mxxxd,7,6,Mixed
G-Spot,2023-05-21,Belgian Mixed Masters,Belgium Mixed National,9,7,Mixed
G-Spot,2023-05-21,Jetset Simba's,Bremen Ultimate,6,11,Mixed
G-Spot,2023-05-21,Spinners,Force Elektro MXD,10,8,Mixed
G-Spot,2023-05-21,ZomBees,Too Many Cooks,8,12,Mixed
G-Spot,2023-05-21,Mainzelrenner,U24 Germany Mixed,10,9,Mixed
G-Spot,2023-05-21,Free Spirits,Seitensprung,9,8,Mixed
G-Spot,2023-05-21,Netherlands Master Mixed,Oxford Ultimate,10,7,Mixed
G-Spot,2023-05-21,Scorillaz,W.underteam,9,4,Mixed
G-Spot,2023-05-21,Antwerp Mixed,Friss die Frisbee,11,9,Mixed
G-Spot,2023-05-21,Citadel Ultimate Frisbee,Belgium U20 Mixed,6,8,Mixed
G-Spot,2023-05-21,Fly High,AUC Mxxxd,9,7,Mixed
DFV-Pokal Mixed,2023-05-29,FRuBB,Nullacht! Ultimate,12,13,Mixed
DFV-Pokal Mixed,2023-05-29,Hucks Ultimate Club Berlin,Zamperl,7,13,Mixed
DFV-Pokal Mixed,2023-05-29,Bonnsai,FRuBB,8,13,Mixed
DFV-Pokal Mixed,2023-05-29,Nullacht! Ultimate,Hucks Ultimate Club Berlin,13,12,Mixed
DFV-Pokal Mixed,2023-05-29,Hucks Ultimate Club Berlin,FRuBB,4,13,Mixed
DFV-Pokal Mixed,2023-05-29,Zamperl,Bonnsai,13,4,Mixed
DFV-Pokal Mixed,2023-05-29,Zamperl,Nullacht! Ultimate,13,11,Mixed
DFV-Pokal Mixed,2023-05-29,Bonnsai,Hucks Ultimate Club Berlin,3,13,Mixed
DFV-Pokal Mixed,2023-05-29,FRuBB,Zamperl,11,13,Mixed
DFV-Pokal Mixed,2023-05-29,Nullacht! Ultimate,Bonnsai,13,3,Mixed
DFV-Pokal Mixed,2023-05-29,Deine Mudder Bremen,Colorado,13,8,Mixed
DFV-Pokal Mixed,2023-05-29,Maultaschen,Tiefseetaucher,7,13,Mixed
DFV-Pokal Mixed,2023-05-29,TV Bad Rappenau,Deine Mudder Bremen,9,13,Mixed
DFV-Pokal Mixed,2023-05-29,Colorado,Maultaschen,13,6,Mixed
DFV-Pokal Mixed,2023-05-29,Maultaschen,Deine Mudder Bremen,7,13,Mixed
DFV-Pokal Mixed,2023-05-29,Tiefseetaucher,TV Bad Rappenau,13,8,Mixed
DFV-Pokal Mixed,2023-05-29,Tiefseetaucher,Colorado,13,6,Mixed
DFV-Pokal Mixed,2023-05-29,TV Bad Rappenau,Maultaschen,9,13,Mixed
DFV-Pokal Mixed,2023-05-29,Deine Mudder Bremen,Tiefseetaucher,7,13,Mixed
DFV-Pokal Mixed,2023-05-29,Colorado,TV Bad Rappenau,13,8,Mixed
DFV-Pokal Mixed,2023-05-29,Zamperl,Deine Mudder Bremen,15,10,Mixed
DFV-Pokal Mixed,2023-05-29,Tiefseetaucher,Nullacht! Ultimate,15,9,Mixed
DFV-Pokal Mixed,2023-05-29,Deine Mudder Bremen,Nullacht! Ultimate,10,15,Mixed
DFV-Pokal Mixed,2023-05-29,Zamperl,Tiefseetaucher,15,10,Mixed
DFV-Pokal Mixed,2023-05-29,FRuBB,Maultaschen,15,11,Mixed
DFV-Pokal Mixed,2023-05-29,Colorado,Hucks Ultimate Club Berlin,15,14,Mixed
DFV-Pokal Mixed,2023-05-29,FRuBB,Colorado,15,11,Mixed
DFV-Pokal Mixed,2023-05-29,Maultaschen,Hucks Ultimate Club Berlin,10,15,Mixed
DFV-Pokal Mixed,2023-05-29,Bonnsai,TV Bad Rappenau,8,14,Mixed
EUCR Gent,2023-08-07,Lillipuc,Seagulls,9,12,Women
EUCR Gent,2023-08-07,Wuf.,Jetset LUV,12,14,Women
EUCR Gent,2023-08-07,Seagulls,Jetset LUV,11,14,Women
EUCR Gent,2023-08-07,Lillipuc,Wuf.,10,11,Women
EUCR Gent,2023-08-07,Seagulls,Wuf.,15,5,Women
EUCR Gent,2023-08-07,Jetset LUV,Lillipuc,15,11,Women
EUCR Gent,2023-08-07,FABulous,Tequila Boom Boom,11,14,Women
EUCR Gent,2023-08-07,Mooncup,Heidees Frauen,15,13,Women
EUCR Gent,2023-08-07,Tequila Boom Boom,Heidees Frauen,13,11,Women
EUCR Gent,2023-08-07,FABulous,Mooncup,7,14,Women
EUCR Gent,2023-08-07,Tequila Boom Boom,Mooncup,8,12,Women
EUCR Gent,2023-08-07,Heidees Frauen,FABulous,15,11,Women
EUCR Gent,2023-08-07,Jetset LUV,Tequila Boom Boom,8,12,Women
EUCR Gent,2023-08-07,Seagulls,Mooncup,7,13,Women
EUCR Gent,2023-08-07,Tequila Boom Boom,Mooncup,11,15,Women
EUCR Gent,2023-08-07,Jetset LUV,Seagulls,13,8,Women
EUCR Gent,2023-08-07,Seagulls,Heidees Frauen,9,15,Women
EUCR Gent,2023-08-07,Wuf.,FABulous,12,15,Women
EUCR Gent,2023-08-07,Lillipuc,Heidees Frauen,5,11,Women
EUCR Gent,2023-08-07,FABulous,Heidees Frauen,11,13,Women
EUCR Gent,2023-08-07,Wuf.,Lillipuc,8,9,Women
EUCR Gent,2023-08-07,Freezzz Beezzz,Bad Skid,11,15,Open
EUCR Gent,2023-08-07,Aarhus Ultimate,Amsterdam Ultimate Club,10,12,Open
EUCR Gent,2023-08-07,Bad Skid,Amsterdam Ultimate Club,15,13,Open
EUCR Gent,2023-08-07,Freezzz Beezzz,Aarhus Ultimate,15,8,Open
EUCR Gent,2023-08-07,Bad Skid,Aarhus Ultimate,15,6,Open
EUCR Gent,2023-08-07,Amsterdam Ultimate Club,Freezzz Beezzz,12,11,Open
EUCR Gent,2023-08-07,Heidees Open,Wall City,10,15,Open
EUCR Gent,2023-08-07,Wall City,Gentle Open,14,12,Open
EUCR Gent,2023-08-07,Gentle Open,Heidees Open,15,14,Open
EUCR Gent,2023-08-07,Frizzly Bears Aachen,M.U.C.,4,15,Open
EUCR Gent,2023-08-07,Armada,Københavns Frisbee Klub (KFK),5,15,Open
EUCR Gent,2023-08-07,M.U.C.,Københavns Frisbee Klub (KFK),13,12,Open
EUCR Gent,2023-08-07,Frizzly Bears Aachen,Armada,7,10,Open
EUCR Gent,2023-08-07,M.U.C.,Armada,15,7,Open
EUCR Gent,2023-08-07,Københavns Frisbee Klub (KFK),Frizzly Bears Aachen,14,9,Open
EUCR Gent,2023-08-07,Bad Skid,Gentle Open,15,11,Open
EUCR Gent,2023-08-07,Københavns Frisbee Klub (KFK),Bad Skid,9,15,Open
EUCR Gent,2023-08-07,Gentle Open,Københavns Frisbee Klub (KFK),10,15,Open
EUCR Gent,2023-08-07,Amsterdam Ultimate Club,Wall City,11,15,Open
EUCR Gent,2023-08-07,M.U.C.,Amsterdam Ultimate Club,14,11,Open
EUCR Gent,2023-08-07,Wall City,M.U.C.,15,12,Open
EUCR Gent,2023-08-07,Frizzly Bears Aachen,Freezzz Beezzz,11,14,Open
EUCR Gent,2023-08-07,Aarhus Ultimate,Heidees Open,10,15,Open
EUCR Gent,2023-08-07,Armada,Aarhus Ultimate,9,8,Open
EUCR Gent,2023-08-07,Heidees Open,Armada,14,11,Open
EUCR Gent,2023-08-07,Bad Skid,Wall City,9,13,Open
EUCR Gent,2023-08-07,Københavns Frisbee Klub (KFK),Heidees Open,14,12,Open
EUCR Gent,2023-08-07,M.U.C.,Freezzz Beezzz,15,8,Open
EUCR Gent,2023-08-07,Gentle Open,Amsterdam Ultimate Club,15,8,Open
EUCR Gent,2023-08-07,Frizzly Bears Aachen,Armada,11,13,Open
EUCR Strasbourg,2023-08-27,DiscoBolo,Sesquidistus,9,15,Mixed
EUCR Strasbourg,2023-08-27,FlyHigh,Monkey Grenoble,8,15,Mixed
EUCR Strasbourg,2023-08-27,Sesquidistus,Monkey Grenoble,11,13,Mixed
EUCR Strasbourg,2023-08-27,DiscoBolo,FlyHigh,11,12,Mixed
EUCR Strasbourg,2023-08-27,Sesquidistus,FlyHigh,15,11,Mixed
EUCR Strasbourg,2023-08-27,Monkey Grenoble,DiscoBolo,15,8,Mixed
EUCR Strasbourg,2023-08-27,FucZH,Manchots,11,15,Mixed
EUCR Strasbourg,2023-08-27,CUS Bergamo Ultimate,AUT BeeFire,9,14,Mixed
EUCR Strasbourg,2023-08-27,Manchots,AUT BeeFire,14,9,Mixed
EUCR Strasbourg,2023-08-27,FucZH,CUS Bergamo Ultimate,13,12,Mixed
EUCR Strasbourg,2023-08-27,Manchots,CUS Bergamo Ultimate,15,10,Mixed
EUCR Strasbourg,2023-08-27,AUT BeeFire,FucZH,10,15,Mixed
EUCR Strasbourg,2023-08-27,Sesquidistus,AUT BeeFire,13,6,Mixed
EUCR Strasbourg,2023-08-27,FlyHigh,FucZH,11,13,Mixed
EUCR Strasbourg,2023-08-27,Manchots,Sesquidistus,13,14,Mixed
EUCR Strasbourg,2023-08-27,Monkey Grenoble,FucZH,15,10,Mixed
EUCR Strasbourg,2023-08-27,Sesquidistus,Monkey Grenoble,12,13,Mixed
EUCR Strasbourg,2023-08-27,Manchots,FucZH,14,9,Mixed
EUCR Strasbourg,2023-08-27,Sesquidistus,Manchots,11,12,Mixed
EUCR Strasbourg,2023-08-27,DiscoBolo,AUT BeeFire,9,12,Mixed
EUCR Strasbourg,2023-08-27,CUS Bergamo Ultimate,FlyHigh,11,15,Mixed
EUCR Strasbourg,2023-08-27,CUS Bergamo Ultimate,DiscoBolo,9,15,Mixed
EUCR Strasbourg,2023-08-27,AUT BeeFire,FlyHigh,13,14,Mixed
EUCR Malmo,2023-08-27,Tartu Turbulence,GRUT,12,15,Mixed
EUCR Malmo,2023-08-27,Nullacht! Ultimate,Bremen,13,12,Mixed
EUCR Malmo,2023-08-27,GRUT,Bremen,14,9,Mixed
EUCR Malmo,2023-08-27,Tartu Turbulence,Nullacht! Ultimate,13,11,Mixed
EUCR Malmo,2023-08-27,GRUT,Nullacht! Ultimate,15,11,Mixed
EUCR Malmo,2023-08-27,Bremen,Tartu Turbulence,14,11,Mixed
EUCR Malmo,2023-08-27,Malmö Ultimate Club,Gentle Mixed,9,10,Mixed
EUCR Malmo,2023-08-27,Owls UC,DTU,9,12,Mixed
EUCR Malmo,2023-08-27,Gentle Mixed,DTU,14,7,Mixed
EUCR Malmo,2023-08-27,Malmö Ultimate Club,Owls UC,13,8,Mixed
EUCR Malmo,2023-08-27,Gentle Mixed,Owls UC,15,6,Mixed
EUCR Malmo,2023-08-27,DTU,Malmö Ultimate Club,8,14,Mixed
EUCR Malmo,2023-08-27,GRUT,Owls UC,15,6,Mixed
EUCR Malmo,2023-08-27,Malmö Ultimate Club,Tartu Turbulence,6,8,Mixed
EUCR Malmo,2023-08-27,Bremen,DTU,15,12,Mixed
EUCR Malmo,2023-08-27,Nullacht! Ultimate,Gentle Mixed,15,9,Mixed
EUCR Malmo,2023-08-27,GRUT,Tartu Turbulence,15,11,Mixed
EUCR Malmo,2023-08-27,Bremen,Nullacht! Ultimate,11,13,Mixed
EUCR Malmo,2023-08-27,Owls UC,Malmö Ultimate Club,5,13,Mixed
EUCR Malmo,2023-08-27,DTU,Gentle Mixed,12,9,Mixed
EUCR Malmo,2023-08-27,Malmö Ultimate Club,DTU,13,9,Mixed
EUCR Malmo,2023-08-27,Owls UC,Gentle Mixed,10,12,Mixed
EUCR Malmo,2023-08-27,GRUT,Nullacht! Ultimate,15,10,Mixed
EUCR Malmo,2023-08-27,Tartu Turbulence,Bremen,15,11,Mixed
EUCR Warsaw,2023-08-27,3SB - women,Troubles Warsaw,10,15,Women
EUCR Warsaw,2023-08-27,box vienna,Panthers Wroclaw,15,9,Women
EUCR Warsaw,2023-08-27,East Block,box vienna,12,10,Women
EUCR Warsaw,2023-08-27,3SB - women,Panthers Wroclaw,8,14,Women
EUCR Warsaw,2023-08-27,Panthers Wroclaw,East Block,11,15,Women
EUCR Warsaw,2023-08-27,Troubles Warsaw,box vienna,14,11,Women
EUCR Warsaw,2023-08-27,Troubles Warsaw,East Block,12,15,Women
EUCR Warsaw,2023-08-27,box vienna,3SB - women,13,11,Women
EUCR Warsaw,2023-08-27,East Block,3SB - women,15,5,Women
EUCR Warsaw,2023-08-27,Panthers Wroclaw,Troubles Warsaw,9,14,Women
EUCR Warsaw,2023-08-27,East Block,Troubles Warsaw,15,13,Women
EUCR Warsaw,2023-08-27,Panthers Wroclaw,3SB - women,11,15,Women
EUCR Warsaw,2023-08-27,FWD>>,PirU,14,12,Open
EUCR Warsaw,2023-08-27,NXT,Outsiterz,3,15,Open
EUCR Warsaw,2023-08-27,PirU,Outsiterz,7,15,Open
EUCR Warsaw,2023-08-27,FWD>>,NXT,14,10,Open
EUCR Warsaw,2023-08-27,PirU,NXT,15,12,Open
EUCR Warsaw,2023-08-27,Outsiterz,FWD>>,15,8,Open
EUCR Warsaw,2023-08-27,Prague Devils,Panthers Wrocław,9,15,Open
EUCR Warsaw,2023-08-27,Helsinki Ultimate,thebigEZ,8,15,Open
EUCR Warsaw,2023-08-27,Panthers Wrocław,thebigEZ,13,11,Open
EUCR Warsaw,2023-08-27,Prague Devils,Helsinki Ultimate,7,15,Open
EUCR Warsaw,2023-08-27,Panthers Wrocław,Helsinki Ultimate,15,7,Open
EUCR Warsaw,2023-08-27,thebigEZ,Prague Devils,14,15,Open
EUCR Warsaw,2023-08-27,Terrible Monkeys,Uprising,8,11,Open
EUCR Warsaw,2023-08-27,SLOVENIA,Otso,10,14,Open
EUCR Warsaw,2023-08-27,Uprising,Otso,14,12,Open
EUCR Warsaw,2023-08-27,Terrible Monkeys,SLOVENIA,15,7,Open
EUCR Warsaw,2023-08-27,Uprising,SLOVENIA,15,7,Open
EUCR Warsaw,2023-08-27,Otso,Terrible Monkeys,3,15,Open
EUCR Warsaw,2023-08-27,Outsiterz,thebigEZ,15,11,Open
EUCR Warsaw,2023-08-27,Terrible Monkeys,Outsiterz,10,15,Open
EUCR Warsaw,2023-08-27,thebigEZ,Terrible Monkeys,15,12,Open
EUCR Warsaw,2023-08-27,FWD>>,Panthers Wrocław,7,15,Open
EUCR Warsaw,2023-08-27,Uprising,FWD>>,13,8,Open
EUCR Warsaw,2023-08-27,Panthers Wrocław,Uprising,15,8,Open
EUCR Warsaw,2023-08-27,PirU,Prague Devils,14,12,Open
EUCR Warsaw,2023-08-27,SLOVENIA,PirU,6,15,Open
EUCR Warsaw,2023-08-27,Prague Devils,SLOVENIA,15,7,Open
EUCR Warsaw,2023-08-27,NXT,Helsinki Ultimate,14,12,Open
EUCR Warsaw,2023-08-27,Otso,NXT,13,11,Open
EUCR Warsaw,2023-08-27,Helsinki Ultimate,Otso,8,15,Open
EUCR Warsaw,2023-08-27,NXT,Prague Devils,9,15,Open
EUCR Warsaw,2023-08-27,SLOVENIA,Helsinki Ultimate,10,15,Open
EUCR Warsaw,2023-08-27,Outsiterz,Panthers Wrocław,11,15,Open
EUCR Warsaw,2023-08-27,Terrible Monkeys,FWD>>,14,15,Open
EUCR Warsaw,2023-08-27,Uprising,PirU,12,14,Open
EUCR Warsaw,2023-08-27,thebigEZ,Otso,13,15,Open
EUCR Bern,2023-08-27,Alligators,BFD LaFotta,7,15,Open
EUCR Bern,2023-08-27,BFD LaFotta,Flying Angels Bern,15,6,Open
EUCR Bern,2023-08-27,Flying Angels Bern,Alligators,15,13,Open
EUCR Bern,2023-08-27,Panthers Bern,Freespeed,15,12,Open
EUCR Bern,2023-08-27,Red Bulls,Iznogood,11,10,Open
EUCR Bern,2023-08-27,Freespeed,Iznogood,5,12,Open
EUCR Bern,2023-08-27,Panthers Bern,Red Bulls,15,8,Open
EUCR Bern,2023-08-27,Freespeed,Red Bulls,14,9,Open
EUCR Bern,2023-08-27,Iznogood,Panthers Bern,10,11,Open
EUCR Bern,2023-08-27,Solebang,Tchac,8,15,Open
EUCR Bern,2023-08-27,Cus Padova Barbastreji,Cotarica Grandes,10,15,Open
EUCR Bern,2023-08-27,Tchac,Cotarica Grandes,13,12,Open
EUCR Bern,2023-08-27,Solebang,Cus Padova Barbastreji,15,6,Open
EUCR Bern,2023-08-27,Tchac,Cus Padova Barbastreji,15,10,Open
EUCR Bern,2023-08-27,Cotarica Grandes,Solebang,10,11,Open
EUCR Bern,2023-08-27,BFD LaFotta,Iznogood,15,6,Open
EUCR Bern,2023-08-27,Solebang,BFD LaFotta,5,15,Open
EUCR Bern,2023-08-27,Iznogood,Solebang,9,8,Open
EUCR Bern,2023-08-27,Flying Angels Bern,Panthers Bern,15,10,Open
EUCR Bern,2023-08-27,Tchac,Flying Angels Bern,12,13,Open
EUCR Bern,2023-08-27,Panthers Bern,Tchac,11,14,Open
EUCR Bern,2023-08-27,Alligators,Red Bulls,12,8,Open
EUCR Bern,2023-08-27,Cus Padova Barbastreji,Alligators,11,15,Open
EUCR Bern,2023-08-27,Red Bulls,Cus Padova Barbastreji,14,12,Open
EUCR Bern,2023-08-27,Freespeed,Cotarica Grandes,8,14,Open
EUCR Bern,2023-08-27,BFD LaFotta,Flying Angels Bern,15,6,Open
EUCR Bern,2023-08-27,Solebang,Panthers Bern,10,13,Open
EUCR Bern,2023-08-27,Freespeed,Red Bulls,0,15,Open
EUCR Bern,2023-08-27,Tchac,Alligators,15,8,Open
EUCR Bern,2023-08-27,Iznogood,Cotarica Grandes,7,11,Open
EUCR Brno,2023-08-27,Catchup Mixed,OUT,15,5,Mixed
EUCR Brno,2023-08-27,Rubber Duckies,Savage Ultimate,9,13,Mixed
EUCR Brno,2023-08-27,Savage Ultimate,Catchup Mixed,14,12,Mixed
EUCR Brno,2023-08-27,ZomBees,Rubber Duckies,14,6,Mixed
EUCR Brno,2023-08-27,ZomBees,Savage Ultimate,6,15,Mixed
EUCR Brno,2023-08-27,OUT,Rubber Duckies,13,9,Mixed
EUCR Brno,2023-08-27,Rubber Duckies,Catchup Mixed,7,15,Mixed
EUCR Brno,2023-08-27,OUT,ZomBees,14,8,Mixed
EUCR Brno,2023-08-27,Catchup Mixed,ZomBees,14,12,Mixed
EUCR Brno,2023-08-27,Savage Ultimate,OUT,10,7,Mixed
EUCR Brno,2023-08-27,Left Overs,Mosquitos,15,8,Mixed
EUCR Brno,2023-08-27,KS FLOW WROCŁAW,AKS ZŁY ULTIMATE,13,9,Mixed
EUCR Brno,2023-08-27,Left Overs,AKS ZŁY ULTIMATE,11,12,Mixed
EUCR Brno,2023-08-27,Mosquitos,KS FLOW WROCŁAW,10,13,Mixed
EUCR Brno,2023-08-27,KS FLOW WROCŁAW,Left Overs,11,12,Mixed
EUCR Brno,2023-08-27,AKS ZŁY ULTIMATE,Mosquitos,15,13,Mixed
EUCR Brno,2023-08-27,Savage Ultimate,KS FLOW WROCŁAW,13,14,Mixed
EUCR Brno,2023-08-27,Catchup Mixed,AKS ZŁY ULTIMATE,9,15,Mixed
EUCR Brno,2023-08-27,OUT,Left Overs,6,15,Mixed
EUCR Brno,2023-08-27,AKS ZŁY ULTIMATE,Left Overs,9,13,Mixed
EUCR Brno,2023-08-27,Catchup Mixed,OUT,12,14,Mixed
EUCR Brno,2023-08-27,Mosquitos,Rubber Duckies,15,6,Mixed
EUCR Brno,2023-08-27,Mosquitos,ZomBees,15,6,Mixed
Vienna Spring Break 2023,2023-05-20,3SB - Open,ESV München ,15,4,Open
Vienna Spring Break 2023,2023-05-20,Red Bulls U20,AUT U24 Open,6,14,Open
Vienna Spring Break 2023,2023-05-20,East Block,Zürich Ultimate Swarm,15,4,Women
Vienna Spring Break 2023,2023-05-20,3SB - Open,Red Bulls U20,15,5,Open
Vienna Spring Break 2023,2023-05-20,ESV München ,AUT U24 Open,7,15,Open
Vienna Spring Break 2023,2023-05-20,Catchup Women,Zürich Ultimate Swarm,15,8,Women
Vienna Spring Break 2023,2023-05-20,3SB - Open,AUT U24 Open,15,7,Open
Vienna Spring Break 2023,2023-05-20,Red Bulls U20,ESV München ,13,8,Open
Vienna Spring Break 2023,2023-05-20,East Block,Catchup Women,15,9,Women
Vienna Spring Break 2023,2023-05-20,Uprising,Terrible Monkeys,12,15,Open
Vienna Spring Break 2023,2023-05-20,Alligators U20,FWD>>,7,15,Open
Vienna Spring Break 2023,2023-05-20,3SB - Women,Chicas,14,8,Women
Vienna Spring Break 2023,2023-05-20,Uprising,Alligators U20,14,10,Open
Vienna Spring Break 2023,2023-05-20,Terrible Monkeys,FWD>>,7,12,Open
Vienna Spring Break 2023,2023-05-20,troubles,Chicas,15,3,Women
Vienna Spring Break 2023,2023-05-20,Uprising,FWD>>,12,14,Open
Vienna Spring Break 2023,2023-05-20,Alligators U20,Terrible Monkeys,11,10,Open
Vienna Spring Break 2023,2023-05-20,3SB - Women,troubles,12,15,Women
Vienna Spring Break 2023,2023-05-20,Panthers Wroclaw - Open,FrankN,13,8,Open
Vienna Spring Break 2023,2023-05-20,thebigEZ,LOL,15,11,Open
Vienna Spring Break 2023,2023-05-20,box vienna,Mantis,15,6,Women
Vienna Spring Break 2023,2023-05-20,Panthers Wroclaw - Open,thebigEZ,15,10,Open
Vienna Spring Break 2023,2023-05-20,FrankN,LOL,13,10,Open
Vienna Spring Break 2023,2023-05-20,SCRAM,Mantis,15,10,Women
Vienna Spring Break 2023,2023-05-20,Panthers Wroclaw - Open,LOL,15,10,Open
Vienna Spring Break 2023,2023-05-20,thebigEZ,FrankN,9,10,Open
Vienna Spring Break 2023,2023-05-20,box vienna,SCRAM,15,7,Women
Vienna Spring Break 2023,2023-05-20,Catchup ,Fire of London,14,11,Open
Vienna Spring Break 2023,2023-05-20,Flying Angels Bern,FUJ,12,15,Open
Vienna Spring Break 2023,2023-05-20,SYC,AUT U24 Women,15,7,Women
Vienna Spring Break 2023,2023-05-20,Catchup ,Flying Angels Bern,12,13,Open
Vienna Spring Break 2023,2023-05-20,Fire of London,FUJ,8,15,Open
Vienna Spring Break 2023,2023-05-20,Swiss Women Ultimate,AUT U24 Women,15,3,Women
Vienna Spring Break 2023,2023-05-20,Catchup ,FUJ,5,15,Open
Vienna Spring Break 2023,2023-05-20,Flying Angels Bern,Fire of London,15,10,Open
Vienna Spring Break 2023,2023-05-20,SYC,Swiss Women Ultimate,5,15,Women
Vienna Spring Break 2023,2023-05-20,3SB - Open,Terrible Monkeys,13,7,Open
Vienna Spring Break 2023,2023-05-20,FWD>>,AUT U24 Open,12,7,Open
Vienna Spring Break 2023,2023-05-20,Panthers Wroclaw - Open,Flying Angels Bern,11,13,Open
Vienna Spring Break 2023,2023-05-20,FUJ,FrankN,15,10,Open
Vienna Spring Break 2023,2023-05-20,East Block,3SB - Women,15,10,Women
Vienna Spring Break 2023,2023-05-20,troubles,Catchup Women,15,14,Women
Vienna Spring Break 2023,2023-05-20,box vienna,SYC,15,13,Women
Vienna Spring Break 2023,2023-05-20,Swiss Women Ultimate,SCRAM,15,1,Women
Vienna Spring Break 2023,2023-05-20,Uprising,ESV München ,13,12,Open
Vienna Spring Break 2023,2023-05-20,thebigEZ,Fire of London,12,15,Open
Vienna Spring Break 2023,2023-05-20,Catchup ,LOL,15,10,Open
Vienna Spring Break 2023,2023-05-20,Zürich Ultimate Swarm,Chicas,10,15,Women
Vienna Spring Break 2023,2023-05-20,Mantis,AUT U24 Women,10,11,Women
Vienna Spring Break 2023,2023-05-21,3SB - Open,FUJ,10,12,Open
Vienna Spring Break 2023,2023-05-21,FWD>>,Flying Angels Bern,11,13,Open
Vienna Spring Break 2023,2023-05-21,Terrible Monkeys,FrankN,10,15,Open
Vienna Spring Break 2023,2023-05-21,AUT U24 Open,Panthers Wroclaw - Open,12,15,Open
Vienna Spring Break 2023,2023-05-21,Red Bulls U20,Catchup ,8,15,Open
Vienna Spring Break 2023,2023-05-21,Uprising,Fire of London,15,9,Open
Vienna Spring Break 2023,2023-05-21,Alligators U20,LOL,9,15,Open
Vienna Spring Break 2023,2023-05-21,ESV München,thebigEZ,6,15,Open
Vienna Spring Break 2023,2023-05-21,Chicas,AUT U24 Women,10,7,Women
Vienna Spring Break 2023,2023-05-21,East Block,Swiss Women Ultimate,14,12,Women
Vienna Spring Break 2023,2023-05-21,troubles,box vienna,15,4,Women
Vienna Spring Break 2023,2023-05-21,3SB - Women,SCRAM,15,8,Women
Vienna Spring Break 2023,2023-05-21,Catchup Women,SYC,8,10,Women
Vienna Spring Break 2023,2023-05-21,FUJ,Flying Angels Bern,15,9,Open
Vienna Spring Break 2023,2023-05-21,box vienna,East Block,15,11,Women
London Invite,2023-06-23,GB Womens,GB Masters Women,12,10,Women
London Invite,2023-06-23,Yaka,AUSU24s,11,9,Women
London Invite,2023-06-23,Belgium Open,France Masters Open,15,6,Open
London Invite,2023-06-23,Germany Open,Barbarian RFC,13,15,Open
London Invite,2023-06-23,GB Open,Czech Republic Open,15,11,Open
London Invite,2023-06-23,Nomadic Tribe,Chevron Action Flash,10,12,Open
London Invite,2023-06-23,Germany Open,France Masters Open,14,12,Open
London Invite,2023-06-23,Belgium Open,Barbarian RFC,15,6,Open
London Invite,2023-06-23,GB Women,AUSU24s,12,13,Women
London Invite,2023-06-23,Yaka,GBWU24,13,8,Women
London Invite,2023-06-23,GB Open,Chevron Action Flash,13,10,Open
London Invite,2023-06-23,Nomadic Tribe,Czech Republic Open,12,13,Open
London Invite,2023-06-23,Germany Open,Belgium Open,15,13,Open
London Invite,2023-06-23,France Masters Open,Barbarian RFC,12,11,Open
London Invite,2023-06-23,GBWU24,GB Masters Women,7,15,Women
London Invite,2023-06-23,Yaka,GB Women,10,15,Women
London Invite,2023-06-23,Czech Republic Open,Chevron Action Flash,13,11,Open
London Invite,2023-06-23,GB Open,Nomadic Tribe,15,8,Open
London Invite,2023-06-23,GBWU24,AUSU24s,8,11,Women
London Invite,2023-06-23,GB Open,Belgium Open,9,11,Open
London Invite,2023-06-23,Germany Open,Czech Republic Open,13,9,Open
London Invite,2023-06-23,GB Masters Women,Yaka,10,14,Women
London Invite,2023-06-23,GB Masters Women,AUSU24s,13,11,Women
London Invite,2023-06-23,France Masters Open,Nomadic Tribe,9,13,Open
London Invite,2023-06-23,Chevron Action Flash,Barbarian RFC,11,12,Open
London Invite,2023-06-23,Germany Open,Belgium Open,15,9,Open
London Invite,2023-06-23,GB Open,Czech Republic Open,10,7,Open
London Invite,2023-06-23,GBWU24,GB Masters Women,7,4,Women
London Invite,2023-06-23,GBWU24,AUSU24s,3,7,Women
London Invite,2023-06-23,Nomadic Tribe,Barbarian RFC,10,15,Open
London Invite,2023-06-23,GB Women,Yaka,8,13,Women
Windmill,2023-06-16,France Mixed,Austria Mixed,15,6,Mixed
Windmill,2023-06-16,Ireland Mixed,Denmark Mixed,15,9,Mixed
Windmill,2023-06-16,Germany Mixed,Fusion Falcons Ultimate Club,15,3,Mixed
Windmill,2023-06-16,Great Britain Mixed,Finland Mixed,15,2,Mixed
Windmill,2023-06-16,Disconnection,New Age Mix,9,15,Mixed
Windmill,2023-06-16,Grut,FRuBB,14,9,Mixed
Windmill,2023-06-16,Ellipsis,Estonia Mixed,12,11,Mixed
Windmill,2023-06-16,NOISE Ultimate,PUC,11,9,Mixed
Windmill,2023-06-16,EuroTrash,Rainbow Brigade,14,7,Mixed
Windmill,2023-06-16,Deep Space,Too many cooks,15,9,Mixed
Windmill,2023-06-16,Chang Chi and the Legend of 20ish Rings,Disckatus Ultimate Madrid,11,5,Mixed
Windmill,2023-06-16,Italy Mixed,Frizstyle FBF,13,10,Mixed
Windmill,2023-06-16,SMOG 1,Force Elektro MXD,15,6,Mixed
Windmill,2023-06-16,Farmer Brown's Greenhouse (FBG),HORANGI,14,8,Mixed
Windmill,2023-06-16,Czech Republic Mixed,Pampered cats,10,11,Mixed
Windmill,2023-06-16,Swedish Royals,LoL Mixed Ultimate Team,15,3,Mixed
Windmill,2023-06-16,Lithuania Mixed,Norway Mixed,15,6,Mixed
Windmill,2023-06-16,Poland Mixed,Steamhuck,15,4,Mixed
Windmill,2023-06-16,Belgium Mixed,DTU,15,5,Mixed
Windmill,2023-06-16,Switzerland Mixed,Kingdom of Raptors,15,8,Mixed
Windmill,2023-06-16,Mooncatchers,Alba,15,8,Open
Windmill,2023-06-16,Clapham Ultimate,Chilly Ultimate,15,3,Open
Windmill,2023-06-16,Condors,Smash'D,15,6,Open
Windmill,2023-06-16,Czech Republic Open,bHOENIX,15,4,Open
Windmill,2023-06-16,France Open,Panthers Wroclaw,15,9,Open
Windmill,2023-06-16,Heidees Open,Devon Ultimate,15,12,Open
Windmill,2023-06-16,Gentle Open,Hardfisch,15,9,Open
Windmill,2023-06-16,Austria Open,Amsterdam Ultimate Club Open,15,6,Open
Windmill,2023-06-16,Switzerland Open,TUGA (Portugal Open),15,4,Open
Windmill,2023-06-16,Ireland Open,Top of Nord Italy,15,8,Open
Windmill,2023-06-16,Germany Women,Ireland Women,15,4,Women
Windmill,2023-06-16,France Women,Bristol Women,13,7,Women
Windmill,2023-06-16,Czech Republic Women,Spain Women,15,10,Women
Windmill,2023-06-16,Belgium Women,Spice Ultimate,14,9,Women
Windmill,2023-06-16,Mermaid lumberjacks,Iceni,12,12,Women
Windmill,2023-06-16,Seagulls Hamburg,3sb,14,12,Women
Windmill,2023-06-16,Switzerland Women,JinX,15,5,Women
Windmill,2023-06-16,Austria Women,SYC,13,11,Women
Windmill,2023-06-16,Poland Women,Frizzly Bears Women,15,5,Women
Windmill,2023-06-16,La SÃ©ptima,Electroclit,15,11,Women
Windmill,2023-06-16,Great Britain Mixed,Swedish Royals,15,9,Mixed
Windmill,2023-06-16,Germany Mixed,Poland Mixed,15,6,Mixed
Windmill,2023-06-16,Belgium Mixed,Lithuania Mixed,5,15,Mixed
Windmill,2023-06-16,France Mixed,SMOG 1,15,5,Mixed
Windmill,2023-06-16,EuroTrash,New Age Mix,11,8,Mixed
Windmill,2023-06-16,Switzerland Mixed,Farmer Brown's Greenhouse (FBG),10,13,Mixed
Windmill,2023-06-16,Ireland Mixed,Chang Chi and the Legend of 20ish Rings,14,9,Mixed
Windmill,2023-06-16,NOISE Ultimate,Italy Mixed,11,13,Mixed
Windmill,2023-06-16,Deep Space,Grut,5,14,Mixed
Windmill,2023-06-16,Ellipsis,Pampered cats,15,7,Mixed
Windmill,2023-06-16,Czech Republic Mixed,PUC,10,11,Mixed
Windmill,2023-06-16,Estonia Mixed,Frizstyle FBF,15,7,Mixed
Windmill,2023-06-16,FRuBB,Denmark Mixed,12,12,Mixed
Windmill,2023-06-16,Disconnection,Kingdom of Raptors,15,4,Mixed
Windmill,2023-06-16,Too many cooks,HORANGI,12,11,Mixed
Windmill,2023-06-16,Disckatus Ultimate Madrid,Rainbow Brigade,12,10,Mixed
Windmill,2023-06-16,Austria Mixed,DTU,15,0,Mixed
Windmill,2023-06-16,Force Elektro MXD,Norway Mixed,9,5,Mixed
Windmill,2023-06-16,Steamhuck,LoL Mixed Ultimate Team,11,12,Mixed
Windmill,2023-06-16,Fusion Falcons Ultimate Club,Finland Mixed,10,13,Mixed
Windmill,2023-06-16,Clapham Ultimate,Switzerland Open,15,11,Open
Windmill,2023-06-16,Czech Republic Open,Austria Open,11,12,Open
Windmill,2023-06-16,Condors,Mooncatchers,12,15,Open
Windmill,2023-06-16,Ireland Open,Gentle Open,12,11,Open
Windmill,2023-06-16,France Open,Heidees Open,15,8,Open
Windmill,2023-06-16,Devon Ultimate,Panthers Wroclaw,7,15,Open
Windmill,2023-06-16,Hardfisch,Alba,14,11,Open
Windmill,2023-06-16,Top of Nord Italy,Amsterdam Ultimate Club Open,8,15,Open
Windmill,2023-06-16,Smash'D,TUGA (Portugal Open),15,7,Open
Windmill,2023-06-16,bHOENIX,Chilly Ultimate,13,6,Open
Windmill,2023-06-16,Germany Women,Switzerland Women,15,7,Women
Windmill,2023-06-16,Poland Women,France Women,5,14,Women
Windmill,2023-06-16,La SÃ©ptima,Austria Women,5,13,Women
Windmill,2023-06-16,Czech Republic Women,Belgium Women,15,11,Women
Windmill,2023-06-16,Seagulls Hamburg,Iceni,13,12,Women
Windmill,2023-06-16,Mermaid lumberjacks,SYC,15,3,Women
Windmill,2023-06-16,3sb,Electroclit,10,15,Women
Windmill,2023-06-16,Spain Women,Spice Ultimate,8,15,Women
Windmill,2023-06-16,Bristol Women,Frizzly Bears Women,15,5,Women
Windmill,2023-06-16,JinX,Ireland Women,6,15,Women
Windmill,2023-06-16,France Mixed,Great Britain Mixed,14,10,Mixed
Windmill,2023-06-16,Ireland Mixed,Germany Mixed,9,15,Mixed
Windmill,2023-06-16,Grut,EuroTrash,12,10,Mixed
Windmill,2023-06-16,Ellipsis,Chang Chi and the Legend of 20ish Rings,11,12,Mixed
Windmill,2023-06-16,Estonia Mixed,Lithuania Mixed,11,12,Mixed
Windmill,2023-06-16,SMOG 1,Swedish Royals,10,11,Mixed
Windmill,2023-06-16,Denmark Mixed,Austria Mixed,4,14,Mixed
Windmill,2023-06-16,FRuBB,New Age Mix,11,8,Mixed
Windmill,2023-06-16,Italy Mixed,Poland Mixed,11,11,Mixed
Windmill,2023-06-16,Disckatus Ultimate Madrid,Deep Space,3,15,Mixed
Windmill,2023-06-16,NOISE Ultimate,Finland Mixed,9,11,Mixed
Windmill,2023-06-16,Rainbow Brigade,Pampered cats,7,13,Mixed
Windmill,2023-06-16,Frizstyle FBF,Farmer Brown's Greenhouse (FBG),12,14,Mixed
Windmill,2023-06-16,Disconnection,PUC,15,9,Mixed
Windmill,2023-06-16,Force Elektro MXD,Fusion Falcons Ultimate Club,13,7,Mixed
Windmill,2023-06-16,Czech Republic Mixed,Belgium Mixed,11,11,Mixed
Windmill,2023-06-16,Norway Mixed,Switzerland Mixed,2,15,Mixed
Windmill,2023-06-16,Too many cooks,Steamhuck,15,10,Mixed
Windmill,2023-06-16,HORANGI,LoL Mixed Ultimate Team,15,5,Mixed
Windmill,2023-06-16,DTU,Kingdom of Raptors,11,10,Mixed
Windmill,2023-06-16,Austria Open,France Open,14,13,Open
Windmill,2023-06-16,Czech Republic Open,Mooncatchers,8,14,Open
Windmill,2023-06-16,Ireland Open,Amsterdam Ultimate Club Open,13,10,Open
Windmill,2023-06-16,Gentle Open,Condors,7,15,Open
Windmill,2023-06-16,Clapham Ultimate,Panthers Wroclaw,15,6,Open
Windmill,2023-06-16,bHOENIX,Hardfisch,12,12,Open
Windmill,2023-06-16,Switzerland Open,Heidees Open,15,8,Open
Windmill,2023-06-16,Alba,Top of Nord Italy,13,9,Open
Windmill,2023-06-16,Devon Ultimate,Smash'D,6,15,Open
Windmill,2023-06-16,Chilly Ultimate,TUGA (Portugal Open),13,15,Open
Windmill,2023-06-16,Germany Women,France Women,13,12,Women
Windmill,2023-06-16,Mermaid lumberjacks,Czech Republic Women,14,10,Women
Windmill,2023-06-16,Iceni,Austria Women,8,13,Women
Windmill,2023-06-16,Belgium Women,Seagulls Hamburg,14,10,Women
Windmill,2023-06-16,Bristol Women,Switzerland Women,8,13,Women
Windmill,2023-06-16,Poland Women,Spice Ultimate,7,15,Women
Windmill,2023-06-16,Ireland Women,Electroclit,15,9,Women
Windmill,2023-06-16,La SÃ©ptima,SYC,9,13,Women
Windmill,2023-06-16,Spain Women,3sb,14,11,Women
Windmill,2023-06-16,Frizzly Bears Women,JinX,10,15,Women
Windmill,2023-06-17,France Mixed,Germany Mixed,10,14,Mixed
Windmill,2023-06-17,Great Britain Mixed,Grut,14,10,Mixed
Windmill,2023-06-17,Austria Mixed,Ireland Mixed,7,15,Mixed
Windmill,2023-06-17,Swedish Royals,Estonia Mixed,13,11,Mixed
Windmill,2023-06-17,EuroTrash,Ellipsis,8,15,Mixed
Windmill,2023-06-17,SMOG 1,Lithuania Mixed,11,13,Mixed
Windmill,2023-06-17,FRuBB,Farmer Brown's Greenhouse (FBG),8,14,Mixed
Windmill,2023-06-17,Deep Space,New Age Mix,14,10,Mixed
Windmill,2023-06-17,Chang Chi and the Legend of 20ish Rings,Poland Mixed,12,11,Mixed
Windmill,2023-06-17,Switzerland Mixed,Denmark Mixed,9,12,Mixed
Windmill,2023-06-17,Italy Mixed,Disconnection,15,6,Mixed
Windmill,2023-06-17,Finland Mixed,HORANGI,12,8,Mixed
Windmill,2023-06-17,Frizstyle FBF,Too many cooks,12,10,Mixed
Windmill,2023-06-17,Force Elektro MXD,Pampered cats,8,12,Mixed
Windmill,2023-06-17,NOISE Ultimate,Belgium Mixed,13,11,Mixed
Windmill,2023-06-17,Czech Republic Mixed,Fusion Falcons Ultimate Club,13,8,Mixed
Windmill,2023-06-17,PUC,Disckatus Ultimate Madrid,13,11,Mixed
Windmill,2023-06-17,Rainbow Brigade,Norway Mixed,11,12,Mixed
Windmill,2023-06-17,LoL Mixed Ultimate Team,DTU,12,4,Mixed
Windmill,2023-06-17,Kingdom of Raptors,Steamhuck,10,12,Mixed
Windmill,2023-06-16,Mooncatchers,Austria Open,15,10,Open
Windmill,2023-06-16,Condors,Czech Republic Open,12,11,Open
Windmill,2023-06-16,Switzerland Open,Ireland Open,11,12,Open
Windmill,2023-06-16,Clapham Ultimate,France Open,15,7,Open
Windmill,2023-06-16,Gentle Open,Smash'D,15,9,Open
Windmill,2023-06-16,Amsterdam Ultimate Club Open,Alba,9,15,Open
Windmill,2023-06-16,Hardfisch,Panthers Wroclaw,15,10,Open
Windmill,2023-06-16,bHOENIX,Heidees Open,12,15,Open
Windmill,2023-06-16,Top of Nord Italy,TUGA (Portugal Open),15,6,Open
Windmill,2023-06-16,Chilly Ultimate,Devon Ultimate,11,11,Open
Windmill,2023-06-16,Germany Women,Mermaid lumberjacks,15,7,Women
Windmill,2023-06-16,France Women,Czech Republic Women,10,12,Women
Windmill,2023-06-16,Austria Women,Belgium Women,11,13,Women
Windmill,2023-06-16,Spice Ultimate,Switzerland Women,11,14,Women
Windmill,2023-06-16,Iceni,Ireland Women,11,11,Women
Windmill,2023-06-16,SYC,Seagulls Hamburg,9,12,Women
Windmill,2023-06-16,Bristol Women,Spain Women,15,6,Women
Windmill,2023-06-16,La SÃ©ptima,Poland Women,12,10,Women
Windmill,2023-06-16,Electroclit,JinX,15,11,Women
Windmill,2023-06-16,3sb,Frizzly Bears Women,12,7,Women
Windmill,2023-06-17,France Mixed,Ireland Mixed,12,11,Mixed
Windmill,2023-06-17,Germany Mixed,Great Britain Mixed,11,14,Mixed
Windmill,2023-06-17,Grut,Ellipsis,13,14,Mixed
Windmill,2023-06-17,Swedish Royals,Lithuania Mixed,14,13,Mixed
Windmill,2023-06-17,Estonia Mixed,Austria Mixed,3,10,Mixed
Windmill,2023-06-17,SMOG 1,Farmer Brown's Greenhouse (FBG),8,15,Mixed
Windmill,2023-06-17,Chang Chi and the Legend of 20ish Rings,Italy Mixed,10,12,Mixed
Windmill,2023-06-17,Poland Mixed,Deep Space,13,6,Mixed
Windmill,2023-06-17,EuroTrash,Switzerland Mixed,13,12,Mixed
Windmill,2023-06-17,FRuBB,Frizstyle FBF,8,15,Mixed
Windmill,2023-06-17,Denmark Mixed,New Age Mix,12,12,Mixed
Windmill,2023-06-17,Finland Mixed,Pampered cats,15,9,Mixed
Windmill,2023-06-17,NOISE Ultimate,HORANGI,14,11,Mixed
Windmill,2023-06-17,Too many cooks,Disconnection,7,15,Mixed
Windmill,2023-06-17,Czech Republic Mixed,Force Elektro MXD,13,4,Mixed
Windmill,2023-06-17,Belgium Mixed,PUC,13,10,Mixed
Windmill,2023-06-17,Fusion Falcons Ultimate Club,Disckatus Ultimate Madrid,7,13,Mixed
Windmill,2023-06-17,Rainbow Brigade,LoL Mixed Ultimate Team,11,9,Mixed
Windmill,2023-06-17,Norway Mixed,Kingdom of Raptors,11,13,Mixed
Windmill,2023-06-17,Steamhuck,DTU,15,7,Mixed
Windmill,2023-06-17,Mooncatchers,Clapham Ultimate,14,15,Open
Windmill,2023-06-17,Condors,Austria Open,12,14,Open
Windmill,2023-06-17,Czech Republic Open,Gentle Open,14,10,Open
Windmill,2023-06-17,Ireland Open,France Open,5,15,Open
Windmill,2023-06-17,Switzerland Open,Alba,14,13,Open
Windmill,2023-06-17,Hardfisch,Amsterdam Ultimate Club Open,15,9,Open
Windmill,2023-06-17,Smash'D,Panthers Wroclaw,10,13,Open
Windmill,2023-06-17,bHOENIX,Top of Nord Italy,9,12,Open
Windmill,2023-06-17,Heidees Open,Chilly Ultimate,12,11,Open
Windmill,2023-06-17,Devon Ultimate,TUGA (Portugal Open),15,8,Open
Windmill,2023-06-17,Germany Women,Czech Republic Women,12,9,Women
Windmill,2023-06-17,France Women,Mermaid lumberjacks,12,8,Women
Windmill,2023-06-17,Switzerland Women,Belgium Women,10,10,Women
Windmill,2023-06-17,Austria Women,Ireland Women,12,12,Women
Windmill,2023-06-17,Spice Ultimate,Iceni,13,8,Women
Windmill,2023-06-17,Bristol Women,Seagulls Hamburg,9,9,Women
Windmill,2023-06-17,SYC,Poland Women,11,9,Women
Windmill,2023-06-17,La SÃ©ptima,Spain Women,10,9,Women
Windmill,2023-06-17,Electroclit,Frizzly Bears Women,14,10,Women
Windmill,2023-06-17,3sb,JinX,15,10,Women
Windmill,2023-06-17,France Mixed,Italy Mixed,10,12,Mixed
Windmill,2023-06-17,Germany Mixed,Austria Mixed,15,5,Mixed
Windmill,2023-06-17,Great Britain Mixed,Ellipsis,14,8,Mixed
Windmill,2023-06-17,Ireland Mixed,Grut,7,13,Mixed
Windmill,2023-06-17,Farmer Brown's Greenhouse (FBG),Swedish Royals,9,9,Mixed
Windmill,2023-06-17,Poland Mixed,Lithuania Mixed,13,10,Mixed
Windmill,2023-06-17,Deep Space,EuroTrash,12,10,Mixed
Windmill,2023-06-17,Chang Chi and the Legend of 20ish Rings,Estonia Mixed,11,14,Mixed
Windmill,2023-06-17,SMOG 1,Frizstyle FBF,10,10,Mixed
Windmill,2023-06-17,Finland Mixed,Switzerland Mixed,8,9,Mixed
Windmill,2023-06-17,NOISE Ultimate,FRuBB,15,6,Mixed
Windmill,2023-06-17,Denmark Mixed,Disconnection,11,10,Mixed
Windmill,2023-06-17,New Age Mix,Czech Republic Mixed,9,13,Mixed
Windmill,2023-06-17,HORANGI,Belgium Mixed,10,14,Mixed
Windmill,2023-06-17,Pampered cats,PUC,10,11,Mixed
Windmill,2023-06-17,Too many cooks,Disckatus Ultimate Madrid,13,12,Mixed
Windmill,2023-06-17,Force Elektro MXD,Steamhuck,11,9,Mixed
Windmill,2023-06-17,Fusion Falcons Ultimate Club,Rainbow Brigade,9,11,Mixed
Windmill,2023-06-17,LoL Mixed Ultimate Team,Kingdom of Raptors,9,15,Mixed
Windmill,2023-06-17,Norway Mixed,DTU,14,12,Mixed
Windmill,2023-06-17,Mooncatchers,Switzerland Open,15,8,Open
Windmill,2023-06-17,Clapham Ultimate,Gentle Open,15,9,Open
Windmill,2023-06-17,Condors,France Open,10,15,Open
Windmill,2023-06-17,Austria Open,Czech Republic Open,6,15,Open
Windmill,2023-06-17,Alba,Panthers Wroclaw,10,15,Open
Windmill,2023-06-17,Ireland Open,Hardfisch,15,9,Open
Windmill,2023-06-17,Smash'D,Amsterdam Ultimate Club Open,15,5,Open
Windmill,2023-06-17,bHOENIX,Devon Ultimate,13,14,Open
Windmill,2023-06-17,Heidees Open,TUGA (Portugal Open),15,8,Open
Windmill,2023-06-17,Top of Nord Italy,Chilly Ultimate,15,10,Open
Windmill,2023-06-17,Germany Women,Austria Women,14,8,Women
Windmill,2023-06-17,France Women,Spice Ultimate,15,9,Women
Windmill,2023-06-17,Czech Republic Women,Switzerland Women,14,10,Women
Windmill,2023-06-17,Mermaid lumberjacks,Belgium Women,12,7,Women
Windmill,2023-06-17,Ireland Women,Seagulls Hamburg,6,15,Women
Windmill,2023-06-17,Bristol Women,Iceni,9,15,Women
Windmill,2023-06-17,SYC,Electroclit,11,8,Women
Windmill,2023-06-17,Poland Women,JinX,15,8,Women
Windmill,2023-06-17,La SÃ©ptima,3sb,14,11,Women
Windmill,2023-06-17,Spain Women,Frizzly Bears Women,15,6,Women
Windmill,2023-06-17,Italy Mixed,Grut,10,15,Mixed
Windmill,2023-06-17,Germany Mixed,Great Britain Mixed,15,12,Mixed
Windmill,2023-06-17,Ireland Mixed,France Mixed,11,7,Mixed
Windmill,2023-06-17,Ellipsis,Austria Mixed,13,11,Mixed
Windmill,2023-06-17,Poland Mixed,Swedish Royals,8,15,Mixed
Windmill,2023-06-17,Farmer Brown's Greenhouse (FBG),Estonia Mixed,8,13,Mixed
Windmill,2023-06-17,Lithuania Mixed,Chang Chi and the Legend of 20ish Rings,6,15,Mixed
Windmill,2023-06-17,Deep Space,Frizstyle FBF,14,10,Mixed
Windmill,2023-06-17,NOISE Ultimate,SMOG 1,15,11,Mixed
Windmill,2023-06-17,EuroTrash,Disconnection,8,15,Mixed
Windmill,2023-06-17,Finland Mixed,Denmark Mixed,11,9,Mixed
Windmill,2023-06-17,Switzerland Mixed,Czech Republic Mixed,12,15,Mixed
Windmill,2023-06-17,Belgium Mixed,New Age Mix,15,11,Mixed
Windmill,2023-06-17,FRuBB,PUC,10,15,Mixed
Windmill,2023-06-17,Pampered cats,Too many cooks,10,13,Mixed
Windmill,2023-06-17,HORANGI,Disckatus Ultimate Madrid,15,8,Mixed
Windmill,2023-06-17,Force Elektro MXD,Kingdom of Raptors,10,9,Mixed
Windmill,2023-06-17,Fusion Falcons Ultimate Club,Steamhuck,8,10,Mixed
Windmill,2023-06-17,Rainbow Brigade,DTU,12,10,Mixed
Windmill,2023-06-17,LoL Mixed Ultimate Team,Norway Mixed,10,15,Mixed
Windmill,2023-06-17,Mooncatchers,Czech Republic Open,15,10,Open
Windmill,2023-06-17,Clapham Ultimate,France Open,8,14,Open
Windmill,2023-06-17,Austria Open,Switzerland Open,14,12,Open
Windmill,2023-06-17,Condors,Gentle Open,15,8,Open
Windmill,2023-06-17,Ireland Open,Panthers Wroclaw,13,15,Open
Windmill,2023-06-17,Smash'D,Hardfisch,13,9,Open
Windmill,2023-06-17,Alba,Heidees Open,15,9,Open
Windmill,2023-06-17,Amsterdam Ultimate Club Open,Chilly Ultimate,12,12,Open
Windmill,2023-06-17,Top of Nord Italy,Devon Ultimate,11,13,Open
Windmill,2023-06-17,bHOENIX,TUGA (Portugal Open),11,10,Open
Windmill,2023-06-17,Germany Women,Mermaid lumberjacks,14,10,Women
Windmill,2023-06-17,France Women,Czech Republic Women,15,13,Women
Windmill,2023-06-17,Belgium Women,Austria Women,14,13,Women
Windmill,2023-06-17,Switzerland Women,Spice Ultimate,12,10,Women
Windmill,2023-06-17,Seagulls Hamburg,Electroclit,15,4,Women
Windmill,2023-06-17,Iceni,SYC,10,10,Women
Windmill,2023-06-17,Bristol Women,Ireland Women,8,11,Women
Windmill,2023-06-17,La SÃ©ptima,Frizzly Bears Women,15,5,Women
Windmill,2023-06-17,Poland Women,3sb,11,15,Women
Windmill,2023-06-17,Spain Women,JinX,15,10,Women
Windmill,2023-06-18,Great Britain Mixed,Italy Mixed,14,12,Mixed
Windmill,2023-06-18,Ireland Mixed,Ellipsis,12,10,Mixed
Windmill,2023-06-18,Austria Mixed,France Mixed,8,14,Mixed
Windmill,2023-06-18,Swedish Royals,Chang Chi and the Legend of 20ish Rings,12,14,Mixed
Windmill,2023-06-18,Estonia Mixed,Poland Mixed,10,14,Mixed
Windmill,2023-06-18,Farmer Brown's Greenhouse (FBG),Lithuania Mixed,14,12,Mixed
Windmill,2023-06-18,Disconnection,Frizstyle FBF,15,12,Mixed
Windmill,2023-06-18,NOISE Ultimate,Deep Space,12,14,Mixed
Windmill,2023-06-18,SMOG 1,Switzerland Mixed,9,10,Mixed
Windmill,2023-06-18,Finland Mixed,Belgium Mixed,12,8,Mixed
Windmill,2023-06-18,Czech Republic Mixed,EuroTrash,15,8,Mixed
Windmill,2023-06-18,Denmark Mixed,PUC,11,7,Mixed
Windmill,2023-06-18,HORANGI,New Age Mix,9,13,Mixed
Windmill,2023-06-18,Pampered cats,Disckatus Ultimate Madrid,12,11,Mixed
Windmill,2023-06-18,Too many cooks,Rainbow Brigade,14,9,Mixed
Windmill,2023-06-18,Force Elektro MXD,LoL Mixed Ultimate Team,14,6,Mixed
Windmill,2023-06-18,Steamhuck,Norway Mixed,11,8,Mixed
Windmill,2023-06-18,Fusion Falcons Ultimate Club,DTU,13,8,Mixed
Windmill,2023-06-18,FRuBB,Kingdom of Raptors,15,13,Mixed
Windmill,2023-06-18,Clapham Ultimate,Czech Republic Open,12,13,Open
Windmill,2023-06-18,Austria Open,Condors,15,13,Open
Windmill,2023-06-18,Gentle Open,Switzerland Open,15,14,Open
Windmill,2023-06-18,Panthers Wroclaw,bHOENIX,15,13,Open
Windmill,2023-06-18,Ireland Open,Smash'D,13,12,Open
Windmill,2023-06-18,Alba,Chilly Ultimate,13,10,Open
Windmill,2023-06-18,Hardfisch,Devon Ultimate,15,6,Open
Windmill,2023-06-18,Heidees Open,Top of Nord Italy,13,12,Open
Windmill,2023-06-18,Amsterdam Ultimate Club Open,TUGA (Portugal Open),15,8,Open
Windmill,2023-06-18,Czech Republic Women,Mermaid lumberjacks,10,15,Women
Windmill,2023-06-18,Belgium Women,Switzerland Women,11,13,Women
Windmill,2023-06-18,Spice Ultimate,Austria Women,5,15,Women
Windmill,2023-06-18,Seagulls Hamburg,La SÃ©ptima,10,6,Women
Windmill,2023-06-18,Iceni,Spain Women,11,13,Women
Windmill,2023-06-18,Ireland Women,3sb,15,9,Women
Windmill,2023-06-18,Bristol Women,JinX,15,7,Women
Windmill,2023-06-18,SYC,Frizzly Bears Women,15,5,Women
Windmill,2023-06-18,Poland Women,Electroclit,15,9,Women
Windmill,2023-06-18,Grut,Germany Mixed,12,11,Mixed
Windmill,2023-06-18,Mooncatchers,France Open,15,13,Open
Windmill,2023-06-18,Germany Women,France Women,13,11,Women